t,tau,R_eff,rho,alpha,beta_scaled,beta,beta_glass_gauss,beta_glass_exact,beta_inf_gauss,beta_inf_exact,entropy_density,free_energy,mean_energy_density,theory_entropy_density_liquid
0.85,0.001,5.452943503192895e-07,0.0007384404852926805,0.11876410093034503,0.2,1304.9623564941603,6524.8117824708015,11151.093637483058,4.818185179091139,8.23441899720711,0.1157147675673496,-4.1481689385397534e-05,4.7191188411799986e-05,0.11401353689313123
0.85,0.001,5.452943503192895e-07,0.0007384404852926805,0.11876410093034503,0.3285714285714286,2143.866728526121,6524.8117824708015,11151.093637483058,4.818185179091139,8.23441899720711,0.11112676694383279,-7.316593011180353e-06,4.451814347928747e-05,0.10594242554419145
0.85,0.001,5.452943503192895e-07,0.0007384404852926805,0.11876410093034503,0.4571428571428572,2982.771100558081,6524.8117824708015,11151.093637483058,4.818185179091139,8.23441899720711,0.10504149085131871,6.920529031959296e-06,4.213660405416442e-05,0.09394482759306476
0.85,0.001,5.452943503192895e-07,0.0007384404852926805,0.11876410093034503,0.5857142857142859,3821.675472590042,6524.8117824708015,11151.093637483058,4.818185179091139,8.23441899720711,0.09785709938425169,1.4413915967007948e-05,4.001972684396647e-05,0.07802074303975112
0.85,0.001,5.452943503192895e-07,0.0007384404852926805,0.11876410093034503,0.7142857142857144,4660.5798446220015,6524.8117824708015,11151.093637483058,4.818185179091139,8.23441899720711,0.08993386149626688,1.885090565034502e-05,3.814761646628449e-05,0.0581701718842506
0.85,0.001,5.452943503192895e-07,0.0007384404852926805,0.11876410093034503,0.842857142857143,5499.484216653962,6524.8117824708015,11151.093637483058,4.818185179091139,8.23441899720711,0.08163141167695427,2.1666618387277676e-05,3.651008523999665e-05,0.034393114126563165
0.85,0.001,5.452943503192895e-07,0.0007384404852926805,0.11876410093034503,0.9714285714285715,6338.3885886859225,6524.8117824708015,11151.093637483058,4.818185179091139,8.23441899720711,0.073330155436931,2.353564460004949e-05,3.5104855671744575e-05,0.006689569766688797
0.85,0.001,5.452943503192895e-07,0.0007384404852926805,0.11876410093034503,1.1,7177.292960717882,6524.8117824708015,11151.093637483058,4.818185179091139,8.23441899720711,0.06539636551031239,2.4816957296077275e-05,3.392852148444661e-05,0.0
0.85,0.001,5.452943503192895e-07,0.0007384404852926805,0.11876410093034503,1.2285714285714286,8016.197332749843,6524.8117824708015,11151.093637483058,4.818185179091139,8.23441899720711,0.05810981759854854,2.5718422106316504e-05,3.2967472396176916e-05,0.0
0.85,0.001,5.452943503192895e-07,0.0007384404852926805,0.11876410093034503,1.3571428571428572,8855.101704781802,6524.8117824708015,11151.093637483058,4.818185179091139,8.23441899720711,0.05162005503707785,2.6367280362366295e-05,3.219669449650354e-05,0.0
0.85,0.001,5.452943503192895e-07,0.0007384404852926805,0.11876410093034503,1.4857142857142858,9694.006076813763,6524.8117824708015,11151.093637483058,4.818185179091139,8.23441899720711,0.045957965896698615,2.6844253559616126e-05,3.1585117711395586e-05,0.0
0.85,0.001,5.452943503192895e-07,0.0007384404852926805,0.11876410093034503,1.6142857142857143,10532.910448845723,6524.8117824708015,11151.093637483058,4.818185179091139,8.23441899720711,0.041076609921637995,2.720183855522291e-05,3.1101673280024864e-05,0.0
0.85,0.001,5.452943503192895e-07,0.0007384404852926805,0.11876410093034503,1.742857142857143,11371.814820877684,6524.8117824708015,11151.093637483058,4.818185179091139,8.23441899720711,0.03689086747908217,2.7474869605127336e-05,3.0718931178426406e-05,0.0
0.85,0.001,5.452943503192895e-07,0.0007384404852926805,0.11876410093034503,1.8714285714285717,12210.719192909644,6524.8117824708015,11151.093637483058,4.818185179091139,8.23441899720711,0.033304237629725675,2.7686889422985158e-05,3.0414348559795404e-05,0.0
0.85,0.001,5.452943503192895e-07,0.0007384404852926805,0.11876410093034503,2.0,13049.623564941603,6524.8117824708015,11151.093637483058,4.818185179091139,8.23441899720711,0.030223580582297682,2.7854093499842642e-05,3.0170143494073483e-05,0.0
0.85,0.003593813663804626,6.908098870971733e-06,0.002628326248959922,0.11876410093034503,0.2,366.6352440833999,1833.1762204169995,3132.951626711343,4.818185179091139,8.23441899720711,0.1157147675673496,-0.00014764549782184474,0.00016796727927665891,0.11401353689313123
0.85,0.003593813663804626,6.908098870971733e-06,0.002628326248959922,0.11876410093034503,0.3285714285714286,602.3293295655857,1833.1762204169995,3132.951626711343,4.818185179091139,8.23441899720711,0.11112676694383276,-2.6041900257703295e-05,0.00015845312844026837,0.10594242554419145
0.85,0.003593813663804626,6.908098870971733e-06,0.002628326248959922,0.11876410093034503,0.4571428571428572,838.0234150477713,1833.1762204169995,3132.951626711343,4.818185179091139,8.23441899720711,0.10504149085131868,2.463219240231455e-05,0.00014997653119424537,0.09394482759306476
0.85,0.003593813663804626,6.908098870971733e-06,0.002628326248959922,0.11876410093034503,0.5857142857142859,1073.717500529957,1833.1762204169995,3132.951626711343,4.818185179091139,8.23441899720711,0.09785709938425169,5.1303354083266485e-05,0.00014244194438839996,0.07802074303975112
0.85,0.003593813663804626,6.908098870971733e-06,0.002628326248959922,0.11876410093034503,0.7142857142857144,1309.4115860121428,1833.1762204169995,3132.951626711343,4.818185179091139,8.23441899720711,0.08993386149626686,6.7095901598395e-05,0.00013577855452203644,0.0581701718842506
0.85,0.003593813663804626,6.908098870971733e-06,0.002628326248959922,0.11876410093034503,0.842857142857143,1545.1056714943284,1833.1762204169995,3132.951626711343,4.818185179091139,8.23441899720711,0.08163141167695424,7.711784899078051e-05,0.00012995010065030974,0.034393114126563165
0.85,0.003593813663804626,6.908098870971733e-06,0.002628326248959922,0.11876410093034503,0.9714285714285715,1780.799756976514,1833.1762204169995,3132.951626711343,4.818185179091139,8.23441899720711,0.07333015543693107,8.377026140973838e-05,0.00012494847650643899,0.006689569766688797
0.85,0.003593813663804626,6.908098870971733e-06,0.002628326248959922,0.11876410093034503,1.1,2016.4938424586996,1833.1762204169995,3132.951626711343,4.818185179091139,8.23441899720711,0.0653963655103124,8.833082906436886e-05,0.00012076155815133448,0.0
0.85,0.003593813663804626,6.908098870971733e-06,0.002628326248959922,0.11876410093034503,1.2285714285714286,2252.1879279408854,1833.1762204169995,3132.951626711343,4.818185179091139,8.23441899720711,0.05810981759854868,9.15394066958165e-05,0.00011734090260014671,0.0
0.85,0.003593813663804626,6.908098870971733e-06,0.002628326248959922,0.11876410093034503,1.3571428571428572,2487.882013423071,1833.1762204169995,3132.951626711343,4.818185179091139,8.23441899720711,0.051620055037077894,9.384888351919799e-05,0.00011459747800984026,0.0
0.85,0.003593813663804626,6.908098870971733e-06,0.002628326248959922,0.11876410093034503,1.4857142857142858,2723.5760989052565,1833.1762204169995,3132.951626711343,4.818185179091139,8.23441899720711,0.0459579658966986,9.554657100972771e-05,0.00011242069687504553,0.0
0.85,0.003593813663804626,6.908098870971733e-06,0.002628326248959922,0.11876410093034503,1.6142857142857143,2959.270184387442,1833.1762204169995,3132.951626711343,4.818185179091139,8.23441899720711,0.0410766099216381,9.681932087773501e-05,0.00011069997636446637,0.0
0.85,0.003593813663804626,6.908098870971733e-06,0.002628326248959922,0.11876410093034503,1.742857142857143,3194.964269869628,1833.1762204169995,3132.951626711343,4.818185179091139,8.23441899720711,0.03689086747908214,9.779111845592504e-05,0.0001093376849784319,0.0
0.85,0.003593813663804626,6.908098870971733e-06,0.002628326248959922,0.11876410093034503,1.8714285714285717,3430.658355351814,1833.1762204169995,3132.951626711343,4.818185179091139,8.23441899720711,0.0333042376297258,9.854575916654988e-05,0.00010825358611404275,0.0
0.85,0.003593813663804626,6.908098870971733e-06,0.002628326248959922,0.11876410093034503,2.0,3666.352440833999,1833.1762204169995,3132.951626711343,4.818185179091139,8.23441899720711,0.030223580582297606,9.914088751188086e-05,0.00010738438866732967,0.0
0.85,0.01291549665014884,8.334583557338167e-05,0.009129394041960379,0.11876410093034503,0.2,105.55323073899257,527.7661536949628,901.9677493774726,4.818185179091139,8.23441899720711,0.11571476756734958,-0.0005128411774110689,0.0005834281338853713,0.11401353689313123
0.85,0.01291549665014884,8.334583557338167e-05,0.009129394041960379,0.11876410093034503,0.3285714285714286,173.40887907120208,527.7661536949628,901.9677493774726,4.818185179091139,8.23441899720711,0.11112676694383276,-9.045557763161413e-05,0.0005503810827461043,0.10594242554419145
0.85,0.01291549665014884,8.334583557338167e-05,0.009129394041960379,0.11876410093034503,0.4571428571428572,241.2645274034116,527.7661536949628,901.9677493774726,4.818185179091139,8.23441899720711,0.10504149085131871,8.555900952064076e-05,0.0005209379356388669,0.09394482759306476
0.85,0.01291549665014884,8.334583557338167e-05,0.009129394041960379,0.11876410093034503,0.5857142857142859,309.1201757356211,527.7661536949628,901.9677493774726,4.818185179091139,8.23441899720711,0.09785709938425172,0.0001782003034386233,0.0004947668269642349,0.07802074303975112
0.85,0.01291549665014884,8.334583557338167e-05,0.009129394041960379,0.11876410093034503,0.7142857142857144,376.9758240678306,527.7661536949628,901.9677493774726,4.818185179091139,8.23441899720711,0.08993386149626686,0.00023305513329433227,0.00047162178864590935,0.0581701718842506
0.85,0.01291549665014884,8.334583557338167e-05,0.009129394041960379,0.11876410093034503,0.842857142857143,444.8314724000401,527.7661536949628,901.9677493774726,4.818185179091139,8.23441899720711,0.08163141167695429,0.0002678659969947921,0.00045137686963273927,0.034393114126563165
0.85,0.01291549665014884,8.334583557338167e-05,0.009129394041960379,0.11876410093034503,0.9714285714285715,512.6871207322496,527.7661536949628,901.9677493774726,4.818185179091139,8.23441899720711,0.07333015543693103,0.0002909729055554513,0.00043400391310679495,0.006689569766688797
0.85,0.01291549665014884,8.334583557338167e-05,0.009129394041960379,0.11876410093034503,1.1,580.5427690644591,527.7661536949628,901.9677493774726,4.818185179091139,8.23441899720711,0.06539636551031239,0.00030681386867432466,0.00041946080701393774,0.0
0.85,0.01291549665014884,8.334583557338167e-05,0.009129394041960379,0.11876410093034503,1.2285714285714286,648.3984173966686,527.7661536949628,901.9677493774726,4.818185179091139,8.23441899720711,0.05810981759854863,0.00031795874443824355,0.00040757928643749854,0.0
0.85,0.01291549665014884,8.334583557338167e-05,0.009129394041960379,0.11876410093034503,1.3571428571428572,716.2540657288781,527.7661536949628,901.9677493774726,4.818185179091139,8.23441899720711,0.05162005503707786,0.00032598062679008936,0.00039805010256269526,0.0
0.85,0.01291549665014884,8.334583557338167e-05,0.009129394041960379,0.11876410093034503,1.4857142857142858,784.1097140610876,527.7661536949628,901.9677493774726,4.818185179091139,8.23441899720711,0.04595796589669865,0.00033187748151552,0.00039048913377866,0.0
0.85,0.01291549665014884,8.334583557338167e-05,0.009129394041960379,0.11876410093034503,1.6142857142857143,851.965362393297,527.7661536949628,901.9677493774726,4.818185179091139,8.23441899720711,0.041076609921638044,0.00033629833112142017,0.00038451227470974616,0.0
0.85,0.01291549665014884,8.334583557338167e-05,0.009129394041960379,0.11876410093034503,1.742857142857143,919.8210107255067,527.7661536949628,901.9677493774726,4.818185179091139,8.23441899720711,0.0368908674790822,0.0003396738340765158,0.00037978040595182513,0.0
0.85,0.01291549665014884,8.334583557338167e-05,0.009129394041960379,0.11876410093034503,1.8714285714285717,987.6766590577162,527.7661536949628,901.9677493774726,4.818185179091139,8.23441899720711,0.03330423762972573,0.00034229505068161776,0.0003760148286315182,0.0
0.85,0.01291549665014884,8.334583557338167e-05,0.009129394041960379,0.11876410093034503,2.0,1055.5323073899256,527.7661536949628,901.9677493774726,4.818185179091139,8.23441899720711,0.030223580582297647,0.0003443622069839286,0.000372995703439412,0.0
0.85,0.046415888336127795,0.0008563413215646574,0.02926331016075689,0.11876410093034503,0.2,32.929871245751904,164.6493562287595,281.39055192224123,4.818185179091139,8.23441899720711,0.1157147675673496,-0.0016438583293492352,0.0018701173768958137,0.11401353689313123
0.85,0.046415888336127795,0.0008563413215646574,0.02926331016075689,0.11876410093034503,0.3285714285714286,54.09907418944956,164.6493562287595,281.39055192224123,4.818185179091139,8.23441899720711,0.11112676694383279,-0.00028994581807271206,0.0017641885383615206,0.10594242554419145
0.85,0.046415888336127795,0.0008563413215646574,0.02926331016075689,0.11876410093034503,0.4571428571428572,75.26827713314721,164.6493562287595,281.39055192224123,4.818185179091139,8.23441899720711,0.10504149085131871,0.00027425038519993903,0.0016698116342704291,0.09394482759306476
0.85,0.046415888336127795,0.0008563413215646574,0.02926331016075689,0.11876410093034503,0.5857142857142859,96.43748007684488,164.6493562287595,281.39055192224123,4.818185179091139,8.23441899720711,0.09785709938425168,0.0005712022864055997,0.0015859229044295838,0.07802074303975112
0.85,0.046415888336127795,0.0008563413215646574,0.02926331016075689,0.11876410093034503,0.7142857142857144,117.60668302054252,164.6493562287595,281.39055192224123,4.818185179091139,8.23441899720711,0.0899338614962669,0.000747033660591576,0.0015117339241009042,0.0581701718842506
0.85,0.046415888336127795,0.0008563413215646574,0.02926331016075689,0.11876410093034503,0.842857142857143,138.77588596424016,164.6493562287595,281.39055192224123,4.818185179091139,8.23441899720711,0.08163141167695429,0.0008586162143457839,0.0014468409704679614,0.034393114126563165
0.85,0.046415888336127795,0.0008563413215646574,0.02926331016075689,0.11876410093034503,0.9714285714285715,159.94508890793782,164.6493562287595,281.39055192224123,4.818185179091139,8.23441899720711,0.07333015543693103,0.0009326829737559868,0.001391153789819235,0.006689569766688797
0.85,0.046415888336127795,0.0008563413215646574,0.02926331016075689,0.11876410093034503,1.1,181.11429185163547,164.6493562287595,281.39055192224123,4.818185179091139,8.23441899720711,0.06539636551031235,0.0009834595110444527,0.0013445373964047285,0.0
0.85,0.046415888336127795,0.0008563413215646574,0.02926331016075689,0.11876410093034503,1.2285714285714286,202.28349479533313,164.6493562287595,281.39055192224123,4.818185179091139,8.23441899720711,0.05810981759854859,0.0010191832353884434,0.0013064524347729165,0.0
0.85,0.046415888336127795,0.0008563413215646574,0.02926331016075689,0.11876410093034503,1.3571428571428572,223.45269773903075,164.6493562287595,281.39055192224123,4.818185179091139,8.23441899720711,0.051620055037077964,0.0010448965335828498,0.0012759076404497032,0.0
0.85,0.046415888336127795,0.0008563413215646574,0.02926331016075689,0.11876410093034503,1.4857142857142858,244.6219006827284,164.6493562287595,281.39055192224123,4.818185179091139,8.23441899720711,0.045957965896698615,0.0010637982797458566,0.0012516717521063934,0.0
0.85,0.046415888336127795,0.0008563413215646574,0.02926331016075689,0.11876410093034503,1.6142857142857143,265.79110362642604,164.6493562287595,281.39055192224123,4.818185179091139,8.23441899720711,0.041076609921637995,0.001077968847101906,0.0012325135604545844,0.0
0.85,0.046415888336127795,0.0008563413215646574,0.02926331016075689,0.11876410093034503,1.742857142857143,286.96030657012375,164.6493562287595,281.39055192224123,4.818185179091139,8.23441899720711,0.036890867479082094,0.001088788665971539,0.0012173460539950534,0.0
0.85,0.046415888336127795,0.0008563413215646574,0.02926331016075689,0.11876410093034503,1.8714285714285717,308.1295095138214,164.6493562287595,281.39055192224123,4.818185179091139,8.23441899720711,0.03330423762972576,0.0010971906994647884,0.0012052758928702318,0.0
0.85,0.046415888336127795,0.0008563413215646574,0.02926331016075689,0.11876410093034503,2.0,329.298712457519,164.6493562287595,281.39055192224123,4.818185179091139,8.23441899720711,0.030223580582297627,0.0011038167510676936,0.0011955984053497355,0.0
0.85,0.1668100537200059,0.0058960923603817795,0.07678601669823601,0.11876410093034503,0.2,12.549642203804606,62.748211019023024,107.23852273217706,4.818185179091139,8.23441899720711,0.11571476756734958,-0.004313433184199965,0.004907129895460504,0.11401353689313123
0.85,0.1668100537200059,0.0058960923603817795,0.07678601669823601,0.11876410093034503,0.3285714285714286,20.617269334821856,62.748211019023024,107.23852273217706,4.818185179091139,8.23441899720711,0.11112676694383276,-0.000760808818476437,0.0046291759141837445,0.10594242554419145
0.85,0.1668100537200059,0.0058960923603817795,0.07678601669823601,0.11876410093034503,0.4571428571428572,28.6848964658391,62.748211019023024,107.23852273217706,4.818185179091139,8.23441899720711,0.10504149085131871,0.0007196244902499266,0.00438153384998608,0.09394482759306476
0.85,0.1668100537200059,0.0058960923603817795,0.07678601669823601,0.11876410093034503,0.5857142857142859,36.75252359685635,62.748211019023024,107.23852273217706,4.818185179091139,8.23441899720711,0.09785709938425172,0.0014988170531995792,0.004161412429170496,0.07802074303975112
0.85,0.1668100537200059,0.0058960923603817795,0.07678601669823601,0.11876410093034503,0.7142857142857144,44.820150727873596,62.748211019023024,107.23852273217706,4.818185179091139,8.23441899720711,0.08993386149626688,0.0019601931162679335,0.003966742849719346,0.0581701718842506
0.85,0.1668100537200059,0.0058960923603817795,0.07678601669823601,0.11876410093034503,0.842857142857143,52.88777785889084,62.748211019023024,107.23852273217706,4.818185179091139,8.23441899720711,0.08163141167695427,0.002252982270629984,0.0037964657555053355,0.034393114126563165
0.85,0.1668100537200059,0.0058960923603817795,0.07678601669823601,0.11876410093034503,0.9714285714285715,60.95540498990809,62.748211019023024,107.23852273217706,4.818185179091139,8.23441899720711,0.07333015543693103,0.0024473311461882565,0.0036503443235934704,0.006689569766688797
0.85,0.1668100537200059,0.0058960923603817795,0.07678601669823601,0.11876410093034503,1.1,69.02303212092534,62.748211019023024,107.23852273217706,4.818185179091139,8.23441899720711,0.06539636551031235,0.0025805672024885227,0.003528024355569552,0.0
0.85,0.1668100537200059,0.0058960923603817795,0.07678601669823601,0.11876410093034503,1.2285714285714286,77.09065925194258,62.748211019023024,107.23852273217706,4.818185179091139,8.23441899720711,0.05810981759854864,0.0026743051452889723,0.0034280905994856733,0.0
0.85,0.1668100537200059,0.0058960923603817795,0.07678601669823601,0.11876410093034503,1.3571428571428572,85.15828638295983,62.748211019023024,107.23852273217706,4.818185179091139,8.23441899720711,0.051620055037077874,0.002741776040880619,0.003347942008158785,0.0
0.85,0.1668100537200059,0.0058960923603817795,0.07678601669823601,0.11876410093034503,1.4857142857142858,93.22591351397706,62.748211019023024,107.23852273217706,4.818185179091139,8.23441899720711,0.04595796589669867,0.0027913736355657487,0.003284347790115689,0.0
0.85,0.1668100537200059,0.0058960923603817795,0.07678601669823601,0.11876410093034503,1.6142857142857143,101.29354064499431,62.748211019023024,107.23852273217706,4.818185179091139,8.23441899720711,0.04107660992163807,0.002828556764051476,0.0032340772904352875,0.0
0.85,0.1668100537200059,0.0058960923603817795,0.07678601669823601,0.11876410093034503,1.742857142857143,109.36116777601157,62.748211019023024,107.23852273217706,4.818185179091139,8.23441899720711,0.03689086747908219,0.0028569476326111664,0.0031942782247153063,0.0
0.85,0.1668100537200059,0.0058960923603817795,0.07678601669823601,0.11876410093034503,1.8714285714285717,117.42879490702882,62.748211019023024,107.23852273217706,4.818185179091139,8.23441899720711,0.03330423762972566,0.0028789943074598993,0.0031626064969241053,0.0
0.85,0.1668100537200059,0.0058960923603817795,0.07678601669823601,0.11876410093034503,2.0,125.49642203804605,62.748211019023024,107.23852273217706,4.818185179091139,8.23441899720711,0.030223580582297616,0.0028963808610052433,0.0031372130703341667,0.0
0.85,0.5994842503189409,0.030521166511655137,0.1747030810021825,0.11876410093034503,0.2,5.515855990005061,27.579279950025306,47.13379380587021,4.818185179091139,8.23441899720711,0.1157147675673496,-0.009813897104967294,0.011164672273390141,0.11401353689313123
0.85,0.5994842503189409,0.030521166511655137,0.1747030810021825,0.11876410093034503,0.3285714285714286,9.061763412151173,27.579279950025306,47.13379380587021,4.818185179091139,8.23441899720711,0.11112676694383279,-0.0017309876245282217,0.01053227305548686,0.10594242554419145
0.85,0.5994842503189409,0.030521166511655137,0.1747030810021825,0.11876410093034503,0.4571428571428572,12.607670834297284,27.579279950025306,47.13379380587021,4.818185179091139,8.23441899720711,0.10504149085131871,0.0016372852899162738,0.009968839328079217,0.09394482759306476
0.85,0.5994842503189409,0.030521166511655137,0.1747030810021825,0.11876410093034503,0.5857142857142859,16.153578256443396,27.579279950025306,47.13379380587021,4.818185179091139,8.23441899720711,0.0978570993842517,0.003410099498735866,0.009468020402125684,0.07802074303975112
0.85,0.5994842503189409,0.030521166511655137,0.1747030810021825,0.11876410093034503,0.7142857142857144,19.699485678589507,27.579279950025306,47.13379380587021,4.818185179091139,8.23441899720711,0.08993386149626688,0.00445981952830149,0.00902510935178211,0.0581701718842506
0.85,0.5994842503189409,0.030521166511655137,0.1747030810021825,0.11876410093034503,0.842857142857143,23.24539310073562,27.579279950025306,47.13379380587021,4.818185179091139,8.23441899720711,0.08163141167695424,0.005125971642326296,0.008637695936391727,0.034393114126563165
0.85,0.5994842503189409,0.030521166511655137,0.1747030810021825,0.11876410093034503,0.9714285714285715,26.79130052288173,27.579279950025306,47.13379380587021,4.818185179091139,8.23441899720711,0.07333015543693108,0.005568153029111527,0.008305241337844497,0.006689569766688797
0.85,0.5994842503189409,0.030521166511655137,0.1747030810021825,0.11876410093034503,1.1,30.33720794502784,27.579279950025306,47.13379380587021,4.818185179091139,8.23441899720711,0.06539636551031243,0.005871290898962397,0.00802693968604963,0.0
0.85,0.5994842503189409,0.030521166511655137,0.1747030810021825,0.11876410093034503,1.2285714285714286,33.88311536717395,27.579279950025306,47.13379380587021,4.818185179091139,8.23441899720711,0.05810981759854852,0.006084562899753931,0.00779957100833079,0.0
0.85,0.5994842503189409,0.030521166511655137,0.1747030810021825,0.11876410093034503,1.3571428571428572,37.42902278932006,27.579279950025306,47.13379380587021,4.818185179091139,8.23441899720711,0.05162005503707795,0.006238072273526515,0.007617217417861065,0.0
0.85,0.5994842503189409,0.030521166511655137,0.1747030810021825,0.11876410093034503,1.4857142857142858,40.97493021146617,27.579279950025306,47.13379380587021,4.818185179091139,8.23441899720711,0.04595796589669863,0.006350916421124923,0.007472528237411508,0.0
0.85,0.5994842503189409,0.030521166511655137,0.1747030810021825,0.11876410093034503,1.6142857142857143,44.52083763361228,27.579279950025306,47.13379380587021,4.818185179091139,8.23441899720711,0.04107660992163806,0.006435515250274837,0.007358153100435726,0.0
0.85,0.5994842503189409,0.030521166511655137,0.1747030810021825,0.11876410093034503,1.742857142857143,48.066745055758396,27.579279950025306,47.13379380587021,4.818185179091139,8.23441899720711,0.036890867479082136,0.006500109982792325,0.007267602506704396,0.0
0.85,0.5994842503189409,0.030521166511655137,0.1747030810021825,0.11876410093034503,1.8714285714285717,51.61265247790451,27.579279950025306,47.13379380587021,4.818185179091139,8.23441899720711,0.033304237629725744,0.006550270444130794,0.007195543183096949,0.0
0.85,0.5994842503189409,0.030521166511655137,0.1747030810021825,0.11876410093034503,2.0,55.15855990005061,27.579279950025306,47.13379380587021,4.818185179091139,8.23441899720711,0.030223580582297634,0.006589828225651332,0.007137768212428795,0.0
0.85,2.1544346900318843,0.13661232147481323,0.36961104079128,0.11876410093034503,0.2,2.607165180334522,13.03582590167261,22.27860666601976,4.818185179091139,8.23441899720711,0.1157147675673496,-0.020762797670066134,0.023620568769532595,0.11401353689313123
0.85,2.1544346900318843,0.13661232147481323,0.36961104079128,0.11876410093034503,0.3285714285714286,4.283199939121001,13.03582590167261,22.27860666601976,4.818185179091139,8.23441899720711,0.11112676694383279,-0.003662168599595033,0.022282631672007096,0.10594242554419145
0.85,2.1544346900318843,0.13661232147481323,0.36961104079128,0.11876410093034503,0.4571428571428572,5.959234697907479,13.03582590167261,22.27860666601976,4.818185179091139,8.23441899720711,0.10504149085131873,0.003463927004645367,0.021090601598985965,0.09394482759306476
0.85,2.1544346900318843,0.13661232147481323,0.36961104079128,0.11876410093034503,0.5857142857142859,7.635269456693959,13.03582590167261,22.27860666601976,4.818185179091139,8.23441899720711,0.09785709938425168,0.007214586129215665,0.02003104269820536,0.07802074303975112
0.85,2.1544346900318843,0.13661232147481323,0.36961104079128,0.11876410093034503,0.7142857142857144,9.311304215480437,13.03582590167261,22.27860666601976,4.818185179091139,8.23441899720711,0.08993386149626689,0.009435429118598068,0.01909399674940837,0.0581701718842506
0.85,2.1544346900318843,0.13661232147481323,0.36961104079128,0.11876410093034503,0.842857142857143,10.987338974266915,13.03582590167261,22.27860666601976,4.818185179091139,8.23441899720711,0.08163141167695429,0.010844775621118786,0.0182743645205002,0.034393114126563165
0.85,2.1544346900318843,0.13661232147481323,0.36961104079128,0.11876410093034503,0.9714285714285715,12.663373733053394,13.03582590167261,22.27860666601976,4.818185179091139,8.23441899720711,0.07333015543693103,0.011780277855256139,0.017571006059504568,0.006689569766688797
0.85,2.1544346900318843,0.13661232147481323,0.36961104079128,0.11876410093034503,1.1,14.33940849183987,13.03582590167261,22.27860666601976,4.818185179091139,8.23441899720711,0.06539636551031242,0.01242161230073986,0.01698221642520758,0.0
0.85,2.1544346900318843,0.13661232147481323,0.36961104079128,0.11876410093034503,1.2285714285714286,16.01544325062635,13.03582590167261,22.27860666601976,4.818185179091139,8.23441899720711,0.05810981759854851,0.012872821779885866,0.01650118327380055,0.0
0.85,2.1544346900318843,0.13661232147481323,0.36961104079128,0.11876410093034503,1.3571428571428572,17.69147800941283,13.03582590167261,22.27860666601976,4.818185179091139,8.23441899720711,0.05162005503707793,0.013197594297266902,0.016115386412183092,0.0
0.85,2.1544346900318843,0.13661232147481323,0.36961104079128,0.11876410093034503,1.4857142857142858,19.367512768199305,13.03582590167261,22.27860666601976,4.818185179091139,8.23441899720711,0.04595796589669865,0.013436333320080882,0.015809274360406918,0.0
0.85,2.1544346900318843,0.13661232147481323,0.36961104079128,0.11876410093034503,1.6142857142857143,21.043547526985783,13.03582590167261,22.27860666601976,4.818185179091139,8.23441899720711,0.041076609921638065,0.013615315059340721,0.015567296295820094,0.0
0.85,2.1544346900318843,0.13661232147481323,0.36961104079128,0.11876410093034503,1.742857142857143,22.719582285772265,13.03582590167261,22.27860666601976,4.818185179091139,8.23441899720711,0.036890867479082,0.01375197507803338,0.015375722689897888,0.0
0.85,2.1544346900318843,0.13661232147481323,0.36961104079128,0.11876410093034503,1.8714285714285717,24.395617044558744,13.03582590167261,22.27860666601976,4.818185179091139,8.23441899720711,0.0333042376297258,0.013858097192283045,0.015223270189092078,0.0
0.85,2.1544346900318843,0.13661232147481323,0.36961104079128,0.11876410093034503,2.0,26.07165180334522,13.03582590167261,22.27860666601976,4.818185179091139,8.23441899720711,0.030223580582297627,0.013941787718605348,0.015101038417804222,0.0
0.85,7.742636826811277,0.288292479708677,0.5369287473293612,0.11876410093034503,0.2,1.794720511075777,8.973602555378884,15.336148489281722,4.818185179091139,8.23441899720711,0.11571476756734958,-0.030161823413540734,0.03431326719429367,0.11401353689313123
0.85,7.742636826811277,0.288292479708677,0.5369287473293612,0.11876410093034503,0.3285714285714286,2.9484694110530625,8.973602555378884,15.336148489281722,4.818185179091139,8.23441899720711,0.11112676694383279,-0.005319980686940215,0.032369664838038534,0.10594242554419145
0.85,7.742636826811277,0.288292479708677,0.5369287473293612,0.11876410093034503,0.4571428571428572,4.102218311030347,8.973602555378884,15.336148489281722,4.818185179091139,8.23441899720711,0.10504149085131871,0.005031997917223641,0.03063801955894744,0.09394482759306476
0.85,7.742636826811277,0.288292479708677,0.5369287473293612,0.11876410093034503,0.5857142857142859,5.255967211007634,8.973602555378884,15.336148489281722,4.818185179091139,8.23441899720711,0.09785709938425169,0.010480527542052101,0.02909881328388634,0.07802074303975112
0.85,7.742636826811277,0.288292479708677,0.5369287473293612,0.11876410093034503,0.7142857142857144,6.409716110984919,8.973602555378884,15.336148489281722,4.818185179091139,8.23441899720711,0.08993386149626689,0.013706714838166063,0.027737579846701926,0.0581701718842506
0.85,7.742636826811277,0.288292479708677,0.5369287473293612,0.11876410093034503,0.842857142857143,7.5634650109622035,8.973602555378884,15.336148489281722,4.818185179091139,8.23441899720711,0.08163141167695429,0.015754052630163426,0.026546911664830836,0.034393114126563165
0.85,7.742636826811277,0.288292479708677,0.5369287473293612,0.11876410093034503,0.9714285714285715,8.717213910939488,8.973602555378884,15.336148489281722,4.818185179091139,8.23441899720711,0.07333015543693104,0.017113043534828627,0.025525152746110787,0.006689569766688797
0.85,7.742636826811277,0.288292479708677,0.5369287473293612,0.11876410093034503,1.1,9.870962810916772,8.973602555378884,15.336148489281722,4.818185179091139,8.23441899720711,0.0653963655103124,0.018044701040772014,0.024669826346480527,0.0
0.85,7.742636826811277,0.288292479708677,0.5369287473293612,0.11876410093034503,1.2285714285714286,11.024711710894058,8.973602555378884,15.336148489281722,4.818185179091139,8.23441899720711,0.05810981759854861,0.018700166688936478,0.02397103627014534,0.0
0.85,7.742636826811277,0.288292479708677,0.5369287473293612,0.11876410093034503,1.3571428571428572,12.178460610871342,8.973602555378884,15.336148489281722,4.818185179091139,8.23441899720711,0.05162005503707788,0.019171959145544603,0.023410594609126777,0.0
0.85,7.742636826811277,0.288292479708677,0.5369287473293612,0.11876410093034503,1.4857142857142858,13.332209510848628,8.973602555378884,15.336148489281722,4.818185179091139,8.23441899720711,0.045957965896698635,0.019518771957693613,0.022965909947784597,0.0
0.85,7.742636826811277,0.288292479708677,0.5369287473293612,0.11876410093034503,1.6142857142857143,14.485958410825912,8.973602555378884,15.336148489281722,4.818185179091139,8.23441899720711,0.041076609921637995,0.019778776206619407,0.022614391825323647,0.0
0.85,7.742636826811277,0.288292479708677,0.5369287473293612,0.11876410093034503,1.742857142857143,15.6397073108032,8.973602555378884,15.336148489281722,4.818185179091139,8.23441899720711,0.036890867479082004,0.019977300288826386,0.022336095549246603,0.0
0.85,7.742636826811277,0.288292479708677,0.5369287473293612,0.11876410093034503,1.8714285714285717,16.793456210780484,8.973602555378884,15.336148489281722,4.818185179091139,8.23441899720711,0.033304237629725765,0.02013146238784277,0.02211462995095264,0.0
0.85,7.742636826811277,0.288292479708677,0.5369287473293612,0.11876410093034503,2.0,17.947205110757768,8.973602555378884,15.336148489281722,4.818185179091139,8.23441899720711,0.030223580582297637,0.020253038435369294,0.02193706558030794,0.0
0.85,27.825594022071257,0.4042914121455752,0.6358391401491222,0.11876410093034503,0.2,1.5155358878854606,7.577679439427302,12.950475170930664,4.818185179091139,8.23441899720711,0.1157147675673496,-0.03571808728809086,0.04063428977689551,0.11401353689313123
0.85,27.825594022071257,0.4042914121455752,0.6358391401491222,0.11876410093034503,0.3285714285714286,2.4898089586689713,7.577679439427302,12.950475170930664,4.818185179091139,8.23441899720711,0.11112676694383279,-0.00630000155964648,0.03833264648224992,0.10594242554419145
0.85,27.825594022071257,0.4042914121455752,0.6358391401491222,0.11876410093034503,0.4571428571428572,3.4640820294524812,7.577679439427302,12.950475170930664,4.818185179091139,8.23441899720711,0.10504149085131871,0.0059589680098782235,0.03628200596285682,0.09394482759306476
0.85,27.825594022071257,0.4042914121455752,0.6358391401491222,0.11876410093034503,0.5857142857142859,4.4383551002359924,7.577679439427302,12.950475170930664,4.818185179091139,8.23441899720711,0.0978570993842517,0.012411199165240135,0.0344592546214267,0.07802074303975112
0.85,27.825594022071257,0.4042914121455752,0.6358391401491222,0.11876410093034503,0.7142857142857144,5.412628171019502,7.577679439427302,12.950475170930664,4.818185179091139,8.23441899720711,0.08993386149626688,0.01623169893643752,0.032847261405293995,0.0581701718842506
0.85,27.825594022071257,0.4042914121455752,0.6358391401491222,0.11876410093034503,0.842857142857143,6.386901241803013,7.577679439427302,12.950475170930664,4.818185179091139,8.23441899720711,0.08163141167695429,0.018656187302414085,0.03143725414319552,0.034393114126563165
0.85,27.825594022071257,0.4042914121455752,0.6358391401491222,0.11876410093034503,0.9714285714285715,7.361174312586523,7.577679439427302,12.950475170930664,4.818185179091139,8.23441899720711,0.07333015543693103,0.02026552487763381,0.03022727178417659,0.006689569766688797
0.85,27.825594022071257,0.4042914121455752,0.6358391401491222,0.11876410093034503,1.1,8.335447383370033,7.577679439427302,12.950475170930664,4.818185179091139,8.23441899720711,0.06539636551031239,0.021368807781443656,0.029214381330475225,0.0
0.85,27.825594022071257,0.4042914121455752,0.6358391401491222,0.11876410093034503,1.2285714285714286,9.309720454153544,7.577679439427302,12.950475170930664,4.818185179091139,8.23441899720711,0.05810981759854863,0.022145020111662816,0.02838686355741557,0.0
0.85,27.825594022071257,0.4042914121455752,0.6358391401491222,0.11876410093034503,1.3571428571428572,10.283993524937054,7.577679439427302,12.950475170930664,4.818185179091139,8.23441899720711,0.051620055037077894,0.022703723871576303,0.02772318006939551,0.0
0.85,27.825594022071257,0.4042914121455752,0.6358391401491222,0.11876410093034503,1.4857142857142858,11.258266595720563,7.577679439427302,12.950475170930664,4.818185179091139,8.23441899720711,0.045957965896698684,0.023114424847015518,0.027196577770465385,0.0
0.85,27.825594022071257,0.4042914121455752,0.6358391401491222,0.11876410093034503,1.6142857142857143,12.232539666504074,7.577679439427302,12.950475170930664,4.818185179091139,8.23441899720711,0.04107660992163813,0.023422325809469825,0.0267803046954175,0.0
0.85,27.825594022071257,0.4042914121455752,0.6358391401491222,0.11876410093034503,1.742857142857143,13.206812737287587,7.577679439427302,12.950475170930664,4.818185179091139,8.23441899720711,0.03689086747908207,0.0236574210290073,0.026450742037862518,0.0
0.85,27.825594022071257,0.4042914121455752,0.6358391401491222,0.11876410093034503,1.8714285714285717,14.181085808071096,7.577679439427302,12.950475170930664,4.818185179091139,8.23441899720711,0.03330423762972569,0.023839982117363472,0.026188479128133324,0.0
0.85,27.825594022071257,0.4042914121455752,0.6358391401491222,0.11876410093034503,2.0,15.155358878854605,7.577679439427302,12.950475170930664,4.818185179091139,8.23441899720711,0.030223580582297647,0.023983954310892855,0.02597820471590747,0.0
0.85,100.0,0.7004965544496594,0.8369567219693378,0.11876410093034503,0.2,1.1513582608558475,5.756791304279237,9.83852424033555,4.818185179091139,8.23441899720711,0.1157147675673496,-0.047015811647965075,0.053487021832670664,0.11401353689313123
0.85,100.0,0.7004965544496594,0.8369567219693378,0.11876410093034503,0.3285714285714286,1.8915171428346067,5.756791304279237,9.83852424033555,4.818185179091139,8.23441899720711,0.11112676694383279,-0.008292708518268955,0.050457362748491774,0.10594242554419145
0.85,100.0,0.7004965544496594,0.8369567219693378,0.11876410093034503,0.4571428571428572,2.6316760248133657,5.756791304279237,9.83852424033555,4.818185179091139,8.23441899720711,0.10504149085131873,0.007843805165404168,0.04775809927338354,0.09394482759306476
0.85,100.0,0.7004965544496594,0.8369567219693378,0.11876410093034503,0.5857142857142859,3.3718349067921256,5.756791304279237,9.83852424033555,4.818185179091139,8.23441899720711,0.0978570993842517,0.016336893898371486,0.04535880691882549,0.07802074303975112
0.85,100.0,0.7004965544496594,0.8369567219693378,0.11876410093034503,0.7142857142857144,4.111993788770884,5.756791304279237,9.83852424033555,4.818185179091139,8.23441899720711,0.0899338614962669,0.021365827732227703,0.04323693603542118,0.0581701718842506
0.85,100.0,0.7004965544496594,0.8369567219693378,0.11876410093034503,0.842857142857143,4.852152670749644,5.756791304279237,9.83852424033555,4.818185179091139,8.23441899720711,0.08163141167695429,0.024557188104860062,0.04138093979121053,0.034393114126563165
0.85,100.0,0.7004965544496594,0.8369567219693378,0.11876410093034503,0.9714285714285715,5.592311552728402,5.756791304279237,9.83852424033555,4.818185179091139,8.23441899720711,0.07333015543693105,0.026675563361189963,0.039788236849696595,0.006689569766688797
0.85,100.0,0.7004965544496594,0.8369567219693378,0.11876410093034503,1.1,6.332470434707162,5.756791304279237,9.83852424033555,4.818185179091139,8.23441899720711,0.06539636551031244,0.028127817530948913,0.03845496649825974,0.0
0.85,100.0,0.7004965544496594,0.8369567219693378,0.11876410093034503,1.2285714285714286,7.07262931668592,5.756791304279237,9.83852424033555,4.818185179091139,8.23441899720711,0.058109817598548566,0.029149547849878395,0.03736570269083046,0.0
0.85,100.0,0.7004965544496594,0.8369567219693378,0.11876410093034503,1.3571428571428572,7.81278819866468,5.756791304279237,9.83852424033555,4.818185179091139,8.23441899720711,0.051620055037077894,0.029884971069247156,0.0364920943809863,0.0
0.85,100.0,0.7004965544496594,0.8369567219693378,0.11876410093034503,1.4857142857142858,8.552947080643438,5.756791304279237,9.83852424033555,4.818185179091139,8.23441899720711,0.04595796589669869,0.030425577836601235,0.03579892639860839,0.0
0.85,100.0,0.7004965544496594,0.8369567219693378,0.11876410093034503,1.6142857142857143,9.293105962622198,5.756791304279237,9.83852424033555,4.818185179091139,8.23441899720711,0.04107660992163804,0.03083086867819133,0.035250985061976506,0.0
0.85,100.0,0.7004965544496594,0.8369567219693378,0.11876410093034503,1.742857142857143,10.033264844600957,5.756791304279237,9.83852424033555,4.818185179091139,8.23441899720711,0.036890867479082115,0.031140325130099282,0.03481718087451169,0.0
0.85,100.0,0.7004965544496594,0.8369567219693378,0.11876410093034503,1.8714285714285717,10.773423726579717,5.756791304279237,9.83852424033555,4.818185179091139,8.23441899720711,0.033304237629725605,0.03138063076783322,0.03447196352100053,0.0
0.85,100.0,0.7004965544496594,0.8369567219693378,0.11876410093034503,2.0,11.513582608558474,5.756791304279237,9.83852424033555,4.818185179091139,8.23441899720711,0.030223580582297783,0.03157014174245305,0.03419517876262706,0.0
