beta,step,test_mean_expert_mse,test_oracle_best_mse,test_oracle_class_mi_norm,test_oracle_class_purity,test_oracle_eff_frac_min,test_oracle_soft_usage_entropy,test_oracle_usage_entropy,test_soft_oracle_mse,train_mean_expert_mse,train_oracle_best_mse,train_oracle_class_mi_norm,train_oracle_class_purity,train_oracle_eff_frac_min,train_oracle_soft_usage_entropy,train_oracle_usage_entropy,train_soft_oracle_mse,variant
0.0,0,1.2514534505208332,1.2512564697265625,0.004460873136101357,0.03533333333333333,0.8866666555404663,1.0,0.9980029463768005,1.2514534505208332,1.2482948303222656,1.2480990886688232,0.004802249290889982,0.0419921875,0.888671875,1.0,0.9982892274856567,1.2482948303222656,uniform
0.0,200,1.039870361328125,1.0397814127604166,0.004447979193908031,0.030333333333333323,0.9466666579246521,1.0,0.9994935989379883,1.039870361328125,1.024821162223816,1.024733066558838,0.003564989456197187,0.029296875,0.96875,1.0,0.9993074536323547,1.024821162223816,uniform
0.0,400,1.0045320027669271,1.0044739176432291,0.0018700672187554827,0.019666666666666666,0.9666666388511658,1.0,0.9998371601104736,1.0045320027669271,0.9848307371139526,0.9847722053527832,0.0016033227059099684,0.02001953125,0.958984375,1.0,0.9995903372764587,0.9848307371139526,uniform
0.0,600,0.9942785441080729,0.9942314453125,0.0009302823248178152,0.018000000000000016,0.972000002861023,1.0,0.9997690320014954,0.9942785441080729,0.9734352827072144,0.9733877182006836,0.0028196291043335723,0.03369140625,0.9609375,1.0,0.9996508955955505,0.9734352827072144,uniform
0.0,800,0.9902107950846354,0.9901688232421875,0.0009097720233942784,0.01733333333333331,0.9786666631698608,1.0,0.9998836517333984,0.9902107950846354,0.968657374382019,0.9686152935028076,0.0021351406760262903,0.02685546875,0.966796875,1.0,0.9997733235359192,0.968657374382019,uniform
0.0,1000,0.9889900716145833,0.988950927734375,0.0013841353978525474,0.02100000000000002,0.9906666874885559,1.0,0.9999747276306152,0.9889900716145833,0.9657282829284668,0.9656891822814941,0.0032910290250996823,0.03466796875,0.951171875,1.0,0.9995461106300354,0.9657282829284668,uniform
0.0,1200,0.9875957845052084,0.9875586344401042,0.0015497517968225548,0.020000000000000018,0.9800000190734863,1.0,0.9998710751533508,0.9875957845052084,0.9637541174888611,0.9637171030044556,0.003742154535270556,0.0341796875,0.95703125,1.0,0.999351441860199,0.9637541174888611,uniform
0.0,1400,0.9872310384114583,0.9871953531901042,0.0008773099989093532,0.015666666666666662,0.9626666903495789,1.0,0.9998137354850769,0.9872310384114583,0.9617259502410889,0.9616905450820923,0.0026992660487109173,0.02880859375,0.96875,1.0,0.9996311068534851,0.9617259502410889,uniform
0.0,1600,0.9881707763671875,0.9881362508138021,0.0008759270488599074,0.017000000000000015,0.9666666388511658,1.0,0.9997602701187134,0.9881707763671875,0.9613986611366272,0.9613645076751709,0.0022900068135679238,0.02783203125,0.947265625,1.0,0.9993566870689392,0.9613986611366272,uniform
0.0,1800,0.987802978515625,0.9877695515950521,0.0008520277948331247,0.014333333333333309,0.9506666660308838,1.0,0.999575138092041,0.987802978515625,0.9593294858932495,0.9592965841293335,0.0023224790437132185,0.02490234375,0.96484375,1.0,0.9997983574867249,0.9593294858932495,uniform
0.0,2000,0.9873611246744791,0.9873286743164063,0.0009926626075198177,0.017666666666666664,0.95333331823349,1.0,0.9994516968727112,0.9873611246744791,0.9592118263244629,0.9591799974441528,0.0022733044026631405,0.02099609375,0.9609375,1.0,0.9997451901435852,0.9592118263244629,uniform
0.0,2200,0.9879952799479167,0.9879637858072917,0.0008305728458858774,0.01733333333333331,0.9546666741371155,1.0,0.9995296001434326,0.9879952799479167,0.9592519998550415,0.9592211246490479,0.002523424695924621,0.0244140625,0.966796875,1.0,0.9998409748077393,0.9592519998550415,uniform
0.0,2400,0.9889202473958333,0.9888896891276042,0.0010385852942597085,0.019000000000000017,0.9573333263397217,1.0,0.9995524883270264,0.9889202473958333,0.9580309391021729,0.9580009579658508,0.002854172228569095,0.0244140625,0.970703125,1.0,0.9997603297233582,0.9580309391021729,uniform
0.0,2600,0.9901917724609375,0.9901620279947917,0.0014000974491087572,0.020666666666666667,0.9506666660308838,1.0,0.9995483756065369,0.9901917724609375,0.9568028450012207,0.9567737579345703,0.0025356365322493266,0.0234375,0.95703125,1.0,0.9997511506080627,0.9568028450012207,uniform
0.0,2800,0.9901996663411459,0.9901707560221354,0.0010188326448167106,0.018333333333333313,0.9599999785423279,1.0,0.9996670484542847,0.9901996663411459,0.95667964220047,0.9566513895988464,0.0023192104923264512,0.02734375,0.95703125,1.0,0.9997376203536987,0.95667964220047,uniform
0.0,3000,0.9912788492838541,0.991250732421875,0.0011411330289670082,0.019333333333333313,0.9573333263397217,1.0,0.9996750354766846,0.9912788492838541,0.9556063413619995,0.9555789828300476,0.002329132607669374,0.02294921875,0.94921875,1.0,0.9996861219406128,0.9556063413619995,uniform
0.0,3200,0.992455078125,0.992427734375,0.0010239197038250847,0.019000000000000017,0.95333331823349,1.0,0.9995889663696289,0.992455078125,0.9537099599838257,0.9536832571029663,0.002179098696753057,0.0224609375,0.95703125,1.0,0.9997593760490417,0.9537099599838257,uniform
0.0,3400,0.9928465169270834,0.9928199462890624,0.0013704627695564381,0.021333333333333315,0.9653333425521851,1.0,0.9997416138648987,0.9928465169270834,0.9540080428123474,0.9539821147918701,0.0020221829203875457,0.0244140625,0.94921875,1.0,0.999684751033783,0.9540080428123474,uniform
0.0,3600,0.9926599527994792,0.9926340942382812,0.0013387567814113748,0.022333333333333316,0.9639999866485596,1.0,0.9996886253356934,0.9926599527994792,0.9540356397628784,0.9540104866027832,0.002550763262477451,0.02587890625,0.953125,1.0,0.9997038245201111,0.9540356397628784,uniform
0.0,3800,0.993495849609375,0.993470703125,0.001244320921586463,0.019666666666666666,0.9480000138282776,1.0,0.9994277358055115,0.993495849609375,0.952578604221344,0.9525541067123413,0.0019462392057005146,0.02294921875,0.94140625,1.0,0.9995756149291992,0.952578604221344,uniform
0.0,4000,0.99343896484375,0.9934143676757813,0.0010260157538544365,0.018333333333333313,0.9626666903495789,1.0,0.9995879530906677,0.99343896484375,0.9523975849151611,0.9523736834526062,0.001993258564027117,0.021484375,0.953125,1.0,0.9997140765190125,0.9523975849151611,uniform
0.020657126793060337,0,1.2514581705729166,1.251264892578125,0.005986415729070905,0.03966666666666668,0.918666660785675,1.0,0.9986705780029297,1.251458251953125,1.2482991218566895,1.2481075525283813,0.005739790554606191,0.03662109375,0.908203125,1.0,0.9986979365348816,1.2482991218566895,fixed_class
0.020657126793060337,200,1.0392904256184896,1.0391988525390625,0.003729317640557922,0.03866666666666668,0.9133333563804626,1.0,0.9984303116798401,1.0392904256184896,1.023850917816162,1.0237619876861572,0.006272056466511797,0.0498046875,0.89453125,1.0,0.995936393737793,1.023850917816162,fixed_class
0.020657126793060337,400,1.0036064046223958,1.0035467529296875,0.0029727957521108613,0.028000000000000025,0.8933333158493042,1.0,0.9979456663131714,1.003606424967448,0.9855942726135254,0.9855363368988037,0.005615203229756421,0.041015625,0.943359375,1.0,0.9984083771705627,0.9855942726135254,fixed_class
0.020657126793060337,600,0.9933629964192708,0.9933154296875,0.0014245589065008666,0.02300000000000002,0.9146666526794434,1.0,0.9983119964599609,0.9933629964192708,0.9735891819000244,0.9735431671142578,0.006336979807400719,0.03857421875,0.923828125,1.0,0.9985195994377136,0.9735891819000244,fixed_class
0.020657126793060337,800,0.989811299641927,0.989769287109375,0.0013521286998287325,0.024333333333333318,0.9266666769981384,1.0,0.9991408586502075,0.989811299641927,0.968955397605896,0.9689146280288696,0.004620528826038319,0.033203125,0.943359375,1.0,0.9986171126365662,0.968955397605896,fixed_class
0.020657126793060337,1000,0.9894572957356771,0.989418192545573,0.0017008263802753036,0.02300000000000002,0.9453333616256714,1.0,0.9993751645088196,0.9894573160807292,0.9653593301773071,0.9653215408325195,0.0033644545691108967,0.02685546875,0.931640625,1.0,0.9991406798362732,0.9653593301773071,fixed_class
0.020657126793060337,1200,0.9886737874348959,0.9886366373697917,0.0019607307143621085,0.025000000000000022,0.9440000057220459,1.0,0.9994261860847473,0.9886737670898438,0.9639500379562378,0.963914155960083,0.0023500518904966947,0.02490234375,0.9375,1.0,0.9994984865188599,0.9639500379562378,fixed_class
0.020657126793060337,1400,0.9883486938476562,0.9883130696614584,0.001946076613945018,0.02633333333333332,0.937333345413208,1.0,0.9993571043014526,0.9883487141927083,0.9616835117340088,0.9616491198539734,0.0019748136206871234,0.025390625,0.927734375,1.0,0.9993466138839722,0.9616835117340088,fixed_class
0.020657126793060337,1600,0.9885573323567708,0.9885229085286459,0.0017471496287535145,0.02400000000000002,0.9480000138282776,1.0,0.9995090961456299,0.988557373046875,0.9612334966659546,0.9612003564834595,0.002003802499972574,0.0283203125,0.92578125,1.0,0.9993060231208801,0.9612334966659546,fixed_class
0.020657126793060337,1800,0.9893124593098959,0.989279276529948,0.0018612212653874305,0.027666666666666673,0.9666666388511658,1.0,0.9998379945755005,0.989312479654948,0.9594563245773315,0.9594243168830872,0.0014406046652011236,0.02587890625,0.916015625,1.0,0.999127209186554,0.9594563841819763,fixed_class
0.020657126793060337,2000,0.9889159952799479,0.9888837890625,0.0015261854220609,0.02466666666666667,0.9679999947547913,1.0,0.999843418598175,0.9889159952799479,0.9590540528297424,0.9590229988098145,0.0017289612767452205,0.02880859375,0.92578125,1.0,0.9993208646774292,0.9590539932250977,fixed_class
0.020657126793060337,2200,0.9885189208984375,0.9884875895182291,0.0015843928261943037,0.025000000000000022,0.9613333344459534,1.0,0.9997699856758118,0.9885189208984375,0.9583262205123901,0.9582961797714233,0.0017683252440317797,0.029296875,0.912109375,1.0,0.9988502860069275,0.9583262801170349,fixed_class
0.020657126793060337,2400,0.9893327229817709,0.9893023681640625,0.001957779329300405,0.028666666666666674,0.9653333425521851,1.0,0.9997831583023071,0.989332763671875,0.9571704864501953,0.9571412801742554,0.0020582972997920676,0.0322265625,0.916015625,1.0,0.9989067316055298,0.9571705460548401,fixed_class
0.020657126793060337,2600,0.9897467041015625,0.9897171834309896,0.0017739267891839184,0.025000000000000022,0.981333315372467,1.0,0.9999343156814575,0.9897467041015625,0.9566954970359802,0.9566671848297119,0.0017115523005645987,0.029296875,0.923828125,1.0,0.9991304278373718,0.9566954970359802,fixed_class
0.020657126793060337,2800,0.9898065185546875,0.9897778727213542,0.0021161457769439396,0.027666666666666673,0.9760000109672546,1.0,0.9998846054077148,0.9898065999348958,0.9558538794517517,0.9558263421058655,0.0016584070786255921,0.02734375,0.916015625,1.0,0.998849630355835,0.9558538794517517,fixed_class
0.020657126793060337,3000,0.9904161376953124,0.9903882649739584,0.0015638961832657988,0.026000000000000023,0.9826666712760925,1.0,0.999941349029541,0.9904161376953124,0.9554874897003174,0.9554606676101685,0.0013745328727688849,0.02587890625,0.931640625,1.0,0.9992858171463013,0.9554874897003174,fixed_class
0.020657126793060337,3200,0.9909396158854167,0.9909123738606771,0.0013425360034717971,0.022333333333333316,0.9866666793823242,1.0,0.9999752640724182,0.9909396158854167,0.9549203515052795,0.9548944234848022,0.0012574424880844146,0.0234375,0.931640625,1.0,0.9992777705192566,0.9549203515052795,fixed_class
0.020657126793060337,3400,0.99225927734375,0.992232889811198,0.0017421713938081112,0.02566666666666667,0.981333315372467,1.0,0.9999527335166931,0.992259297688802,0.9537503719329834,0.9537251591682434,0.0015288714216182854,0.0263671875,0.94140625,1.0,0.9994298815727234,0.9537503719329834,fixed_class
0.020657126793060337,3600,0.9913319498697917,0.9913063354492188,0.0016829976431224538,0.02566666666666667,0.9919999837875366,1.0,0.9999883770942688,0.9913319498697917,0.9543274641036987,0.9543029069900513,0.001695112788602814,0.02587890625,0.9375,1.0,0.9993987679481506,0.954327404499054,fixed_class
0.020657126793060337,3800,0.9927023111979166,0.9926774088541667,0.001873352196830533,0.026000000000000023,0.984000027179718,1.0,0.9999533891677856,0.992702392578125,0.9537402391433716,0.953716516494751,0.0014762633185444942,0.02392578125,0.931640625,1.0,0.999212920665741,0.9537402391433716,fixed_class
0.020657126793060337,4000,0.9932958577473958,0.9932715454101563,0.0019672138731137104,0.02833333333333332,0.9919999837875366,1.0,0.9999784827232361,0.9932958577473958,0.9530291557312012,0.9530060291290283,0.0013719397598458195,0.02294921875,0.9375,1.0,0.9994006156921387,0.9530291557312012,fixed_class
0.051642816982650844,0,1.2514581705729166,1.2512596028645833,0.009393140799952166,0.04966666666666669,0.9213333129882812,1.0,0.9978881478309631,1.2514581705729166,1.248301386833191,1.248103380203247,0.008497733138953726,0.04736328125,0.876953125,1.0,0.9967879056930542,1.2483015060424805,fixed_good
0.051642816982650844,200,1.0389539184570313,1.0388611043294271,0.010942356118292215,0.06166666666666665,0.8986666798591614,1.0,0.996717095375061,1.0389539184570313,1.0236198902130127,1.0235278606414795,0.006548783081885133,0.05029296875,0.91015625,1.0,0.9975875020027161,1.0236198902130127,fixed_good
0.051642816982650844,400,1.0036528930664061,1.003591796875,0.00784818190229115,0.05033333333333334,0.9226666688919067,1.0,0.9978837370872498,1.0036528930664061,0.9853311777114868,0.9852701425552368,0.005984205281332438,0.0458984375,0.91796875,1.0,0.9985042810440063,0.9853311777114868,fixed_good
0.051642816982650844,600,0.9944463297526042,0.9943971761067708,0.006269357562833084,0.04366666666666669,0.9573333263397217,1.0,0.9990794062614441,0.9944463297526042,0.973763108253479,0.9737143516540527,0.0049770197690646775,0.04052734375,0.91796875,1.0,0.9981639981269836,0.973763108253479,fixed_good
0.051642816982650844,800,0.9909148559570312,0.9908712158203125,0.004910912779495268,0.042333333333333334,0.9506666660308838,1.0,0.9992769956588745,0.9909148559570312,0.9675402641296387,0.9674973487854004,0.00402827340075179,0.041015625,0.94140625,1.0,0.9982553124427795,0.9675403237342834,fixed_good
0.051642816982650844,1000,0.989032002766927,0.9889912109375,0.003168401325766651,0.03266666666666668,0.9506666660308838,1.0,0.9995066523551941,0.989032002766927,0.9653064012527466,0.9652665853500366,0.0027974650391786437,0.03271484375,0.953125,1.0,0.9993131160736084,0.9653064012527466,fixed_good
0.051642816982650844,1200,0.9885998128255208,0.9885609944661459,0.002844295970340526,0.028666666666666674,0.9613333344459534,1.0,0.9995483160018921,0.9885998331705729,0.9636993408203125,0.9636615514755249,0.002068152812657781,0.02685546875,0.935546875,1.0,0.999151885509491,0.9636993408203125,fixed_good
0.051642816982650844,1400,0.9877455444335937,0.9877081502278646,0.0019281588403543839,0.02633333333333332,0.9679999947547913,1.0,0.9997801184654236,0.9877455240885417,0.9627228379249573,0.9626865983009338,0.001751065179878956,0.0224609375,0.9453125,1.0,0.999315619468689,0.9627228379249573,fixed_good
0.051642816982650844,1600,0.9878453776041667,0.987809326171875,0.001486958389090223,0.02533333333333332,0.9599999785423279,1.0,0.9997420907020569,0.9878453369140625,0.9613645076751709,0.9613296985626221,0.0025643631145784874,0.0263671875,0.94140625,1.0,0.9990740418434143,0.9613646268844604,fixed_good
0.051642816982650844,1800,0.9874536336263021,0.987418701171875,0.0017275039313099914,0.02733333333333332,0.9733333587646484,1.0,0.9998642802238464,0.9874536539713542,0.9597426652908325,0.9597089290618896,0.0019253562577498382,0.0234375,0.93359375,1.0,0.9992867708206177,0.9597426652908325,fixed_good
0.051642816982650844,2000,0.9879881795247396,0.9879543253580729,0.0015813131291040256,0.02366666666666667,0.9653333425521851,1.0,0.9996837377548218,0.9879881795247396,0.9587346315383911,0.958702027797699,0.0022260849660606704,0.02734375,0.9375,1.0,0.9993075132369995,0.9587346315383911,fixed_good
0.051642816982650844,2200,0.9892402954101562,0.9892073160807292,0.001544417449603028,0.02400000000000002,0.9773333072662354,1.0,0.9997879266738892,0.9892402954101562,0.9581312537193298,0.9580996036529541,0.0017803911939331413,0.0244140625,0.931640625,1.0,0.9990779757499695,0.9581312537193298,fixed_good
0.051642816982650844,2400,0.9899002888997396,0.9898682657877604,0.001488651021286863,0.024333333333333318,0.9733333587646484,1.0,0.9998267889022827,0.9899002888997396,0.956972062587738,0.9569414258003235,0.002076660001160842,0.02783203125,0.943359375,1.0,0.9994469285011292,0.956972062587738,fixed_good
0.051642816982650844,2600,0.9893819580078125,0.9893509928385417,0.0020057820505194313,0.028666666666666674,0.9746666550636292,1.0,0.9997990131378174,0.9893819580078125,0.9561314582824707,0.956101655960083,0.0017222719588443013,0.02294921875,0.9453125,1.0,0.9994202256202698,0.9561314582824707,fixed_good
0.051642816982650844,2800,0.9905702311197917,0.9905400390625,0.001691066149865486,0.02633333333333332,0.9679999947547913,1.0,0.9997212886810303,0.9905702311197917,0.9551010131835938,0.9550720453262329,0.002032193702061549,0.025390625,0.955078125,1.0,0.9996301531791687,0.9551010131835938,fixed_good
0.051642816982650844,3000,0.9909687296549479,0.9909394124348958,0.0013394256097499333,0.023333333333333317,0.9706666469573975,1.0,0.9997034072875977,0.9909687296549479,0.9548013210296631,0.9547731876373291,0.0016657917857930806,0.02587890625,0.947265625,1.0,0.9992824792861938,0.9548013806343079,fixed_good
0.051642816982650844,3200,0.99047705078125,0.9904485270182292,0.0014046468459147266,0.02300000000000002,0.9746666550636292,1.0,0.999760627746582,0.99047705078125,0.9544318914413452,0.9544044733047485,0.0014655646631603295,0.02490234375,0.96484375,1.0,0.9997276067733765,0.95443195104599,fixed_good
0.051642816982650844,3400,0.9914840901692709,0.9914561767578125,0.0017291598480094431,0.02566666666666667,0.9773333072662354,1.0,0.9998593330383301,0.9914840087890625,0.9530919790267944,0.9530653357505798,0.0018765365335954775,0.02587890625,0.95703125,1.0,0.9995188117027283,0.9530919790267944,fixed_good
0.051642816982650844,3600,0.9919098917643229,0.9918827718098958,0.001227736414880516,0.023333333333333317,0.9639999866485596,1.0,0.9996442794799805,0.991909912109375,0.9532864093780518,0.9532604217529297,0.0014879579862897866,0.02294921875,0.947265625,1.0,0.9995318055152893,0.9532864093780518,fixed_good
0.051642816982650844,3800,0.992006856282552,0.9919803873697917,0.0012276550401784424,0.02300000000000002,0.9546666741371155,1.0,0.9995757341384888,0.9920068766276041,0.9529014229774475,0.9528762102127075,0.0011093221345387866,0.02099609375,0.951171875,1.0,0.9995386600494385,0.9529014229774475,fixed_good
0.051642816982650844,4000,0.9931141357421875,0.9930884806315105,0.001098498019323767,0.02100000000000002,0.9693333506584167,1.0,0.9996793270111084,0.9931141357421875,0.9518803358078003,0.9518557786941528,0.0012012257637581836,0.02294921875,0.94921875,1.0,0.9994515180587769,0.9518803358078003,fixed_good
1.5408512905091334,0,1.2514562174479167,1.2512527669270834,0.009521646698434326,0.061,0.8199999928474426,1.0,0.9856177568435669,1.2514560953776042,1.2482942342758179,1.248091220855713,0.017984655683882626,0.09228515625,0.796875,1.0,0.9897594451904297,1.2482941150665283,hard_cold
1.5408512905091334,200,1.0390821940104167,1.038927022298177,0.016708631233682124,0.07266666666666666,0.8920000195503235,1.0,0.9961997270584106,1.0390821940104167,1.0240201950073242,1.0238662958145142,0.01913512167148688,0.091796875,0.912109375,1.0,0.9972147345542908,1.0240201950073242,hard_cold
1.5408512905091334,400,1.0039901936848958,1.0038627319335938,0.01679575471057998,0.07666666666666666,0.8946666717529297,0.9999999403953552,0.9975905418395996,1.0039901733398438,0.9855281114578247,0.9853994846343994,0.01823576957804722,0.0869140625,0.880859375,1.0,0.9966744780540466,0.9855280518531799,hard_cold
1.5408512905091334,600,0.9939089152018229,0.993798095703125,0.011680247255823508,0.06066666666666665,0.8173333406448364,1.0,0.9953661561012268,0.9939088338216145,0.9735115766525269,0.9733979105949402,0.01161047548206357,0.06884765625,0.853515625,1.0,0.9967433214187622,0.9735115766525269,hard_cold
1.5408512905091334,800,0.9907428792317708,0.9906431274414063,0.007916324801940416,0.045999999999999985,0.8013333082199097,1.0,0.9943305850028992,0.9907428385416667,0.9685544371604919,0.9684508442878723,0.009899584297309395,0.0615234375,0.837890625,1.0,0.9961537718772888,0.9685544371604919,hard_cold
1.5408512905091334,1000,0.9884799601236979,0.9883864542643229,0.005139635826152156,0.031000000000000028,0.7799999713897705,1.0,0.9931502938270569,0.9884799601236979,0.9658873081207275,0.9657894372940063,0.006919876645892062,0.04541015625,0.8125,1.0,0.9949387907981873,0.9658873081207275,hard_cold
1.5408512905091334,1200,0.9880769449869792,0.9879876912434896,0.0037361805076015866,0.030666666666666675,0.7866666913032532,1.0,0.9938645362854004,0.9880769449869792,0.963004469871521,0.9629099369049072,0.005967194086289068,0.03759765625,0.802734375,1.0,0.9948412179946899,0.963004469871521,hard_cold
1.5408512905091334,1400,0.9885442301432291,0.9884573567708334,0.003157183915986914,0.02633333333333332,0.7733333110809326,1.0,0.9934331774711609,0.9885442301432291,0.9614987373352051,0.9614055752754211,0.00625587777687873,0.03857421875,0.80078125,1.0,0.9947870373725891,0.9614987373352051,hard_cold
1.5408512905091334,1600,0.9881082356770833,0.9880213216145833,0.002591839096638221,0.02200000000000002,0.7866666913032532,1.0000001192092896,0.9941992163658142,0.9881082356770833,0.959447979927063,0.9593544006347656,0.006523622139954239,0.04052734375,0.794921875,1.0,0.9945589900016785,0.959447979927063,hard_cold
1.5408512905091334,1800,0.9879860229492188,0.9878989664713541,0.0029148930513564586,0.018333333333333313,0.7666666507720947,1.0,0.9930011034011841,0.9879860229492188,0.9591279029846191,0.9590331315994263,0.006347301133490859,0.0390625,0.82421875,1.0,0.995763897895813,0.9591279029846191,hard_cold
1.5408512905091334,2000,0.9889270833333333,0.9888394368489584,0.00361166976283609,0.02300000000000002,0.7733333110809326,1.0,0.9933816194534302,0.9889271240234375,0.9585738778114319,0.9584778547286987,0.006274045910943822,0.03955078125,0.818359375,1.0,0.9951034188270569,0.9585738182067871,hard_cold
1.5408512905091334,2200,0.9891736653645833,0.9890851236979167,0.0035883146492772496,0.02200000000000002,0.7599999904632568,1.0,0.9922851324081421,0.9891736653645833,0.9578025937080383,0.9577053189277649,0.006732907011513908,0.041015625,0.810546875,1.0,0.9944807291030884,0.9578025937080383,hard_cold
1.5408512905091334,2400,0.9894859822591145,0.9893948160807292,0.003554055061559931,0.02566666666666667,0.7559999823570251,1.0000001192092896,0.9918659329414368,0.9894859415690104,0.9572115540504456,0.9571109414100647,0.007727714296337332,0.0439453125,0.78125,1.0,0.992455780506134,0.9572115540504456,hard_cold
1.5408512905091334,2600,0.9897546793619791,0.9896608479817708,0.0040633013050226695,0.029000000000000026,0.7613333463668823,1.0,0.9908871650695801,0.9897546793619791,0.9573476314544678,0.9572435021400452,0.008329283228002577,0.04638671875,0.802734375,1.0,0.9915862679481506,0.9573476314544678,hard_cold
1.5408512905091334,2800,0.9897852579752604,0.9896891682942708,0.004255761996375104,0.029666666666666675,0.7680000066757202,1.0,0.9911804795265198,0.9897852579752604,0.9559638500213623,0.9558571577072144,0.009589946825714098,0.05078125,0.7890625,1.0,0.9902907013893127,0.9559638500213623,hard_cold
1.5408512905091334,3000,0.9899085286458333,0.9898089599609375,0.003659131891128818,0.028000000000000025,0.7720000147819519,1.0,0.9899775385856628,0.9899085286458333,0.9552040100097656,0.9550930261611938,0.008718287803167775,0.04931640625,0.802734375,1.0,0.990058958530426,0.9552040100097656,hard_cold
1.5408512905091334,3200,0.9908680013020833,0.990763427734375,0.004243870629357288,0.031666666666666676,0.7426666617393494,1.0,0.9881186485290527,0.9908679809570312,0.9555476307868958,0.9554306864738464,0.01014377164048641,0.05517578125,0.779296875,1.0,0.9887633323669434,0.9555476307868958,hard_cold
1.5408512905091334,3400,0.9920691324869791,0.9919595133463541,0.0042955094168200935,0.032999999999999974,0.734666645526886,1.0,0.9865717887878418,0.9920691324869791,0.953382134437561,0.9532597064971924,0.011116879047984026,0.05615234375,0.783203125,1.0,0.9884238243103027,0.953382134437561,hard_cold
1.5408512905091334,3600,0.9915076904296874,0.9913934326171875,0.004850223274449022,0.03633333333333333,0.7493333220481873,1.0,0.9873790740966797,0.9915076904296874,0.9527745246887207,0.9526462554931641,0.011852330840730743,0.05908203125,0.791015625,1.0,0.9874687194824219,0.9527745246887207,hard_cold
1.5408512905091334,3800,0.9932197672526042,0.9931001993815104,0.0047540623606439104,0.03666666666666668,0.7279999852180481,0.9999999403953552,0.9842527508735657,0.9932197672526042,0.9529842138290405,0.952849805355072,0.011873279252506128,0.06396484375,0.787109375,1.0,0.9850918650627136,0.9529842138290405,hard_cold
1.5408512905091334,4000,0.9924735514322917,0.9923509521484375,0.004081443317206944,0.03266666666666668,0.7306666374206543,1.0,0.9841659665107727,0.9924735514322917,0.9528557658195496,0.952716588973999,0.010721423827059417,0.05810546875,0.79296875,0.9999999403953552,0.9850909113883972,0.9528557658195496,hard_cold
0.0,0,1.2514599609375,1.2512707112630208,0.008896719195772123,0.04466666666666669,0.8373333215713501,1.0,0.9962806105613708,1.2514599609375,1.2483007907867432,1.248113989830017,0.007779058624035881,0.0439453125,0.833984375,1.0,0.9963110685348511,1.2483007907867432,theory_anneal
0.0,200,1.0384093831380208,1.0383213297526042,0.0033486424392788735,0.031333333333333324,0.8853333592414856,1.0,0.9974520206451416,1.0384093831380208,1.0234801769256592,1.0233937501907349,0.005703335124150331,0.0400390625,0.92578125,1.0,0.9987412691116333,1.0234801769256592,theory_anneal
0.0,400,1.0038602701822916,1.0038029174804688,0.0024013368664572692,0.028000000000000025,0.9213333129882812,1.0,0.998161256313324,1.0038602701822916,0.9852233529090881,0.9851669073104858,0.0024116424893285424,0.0283203125,0.9609375,1.0,0.9997670650482178,0.9852233529090881,theory_anneal
0.0,600,0.9942559000651041,0.9942098388671875,0.0014233481236098286,0.01633333333333331,0.9613333344459534,1.0,0.9990066885948181,0.9942559000651041,0.9737979173660278,0.9737530946731567,0.002397152308285273,0.02978515625,0.947265625,1.0,0.9995918869972229,0.9737979173660278,theory_anneal
0.0,800,0.9903599446614584,0.9903191121419271,0.002346253727973553,0.02200000000000002,0.9293333292007446,1.0,0.9991278052330017,0.9903599446614584,0.9686421155929565,0.96860271692276,0.0020751772106039294,0.0283203125,0.947265625,1.0,0.9994950294494629,0.9686421155929565,theory_anneal
0.005370852966195689,1000,0.9888363850911458,0.9887984415690104,0.0027417588481260203,0.023333333333333317,0.9626666903495789,1.0,0.9997329711914062,0.9888363444010416,0.9649705290794373,0.9649341702461243,0.001807601453555953,0.025390625,0.94921875,1.0,0.9996415972709656,0.9649705290794373,theory_anneal
0.0181782715778931,1200,0.9884012247721354,0.9883652750651042,0.00214576863824525,0.02200000000000002,0.9733333587646484,1.0,0.9998931884765625,0.9884012247721354,0.9631715416908264,0.963137149810791,0.002797488621991932,0.03125,0.962890625,1.0,0.9995728135108948,0.9631716012954712,theory_anneal
0.033464545404757746,1400,0.9885186767578125,0.9884841715494792,0.0018311309606608402,0.020666666666666667,0.972000002861023,1.0,0.99989914894104,0.9885187174479166,0.9618844389915466,0.9618514776229858,0.0018997610755721022,0.02587890625,0.943359375,1.0,0.999216616153717,0.9618844985961914,theory_anneal
0.04627196401645516,1600,0.9881415608723958,0.9881082967122395,0.0015739286986907576,0.019000000000000017,0.9733333587646484,1.0,0.9998881220817566,0.9881416015625,0.9604151248931885,0.9603833556175232,0.0022363040523823625,0.02490234375,0.94921875,1.0,0.9993122220039368,0.9604151248931885,theory_anneal
0.051642816982650844,1800,0.988089579264323,0.9880574137369792,0.0013410106683672718,0.019666666666666666,0.9760000109672546,1.0,0.9999008774757385,0.988089599609375,0.9596693515777588,0.9596385955810547,0.0012193792487789077,0.021484375,0.9375,1.0,0.9990463852882385,0.9596694111824036,theory_anneal
0.051642816982650844,2000,0.9887360229492187,0.9887047729492188,0.0015925546509528805,0.02200000000000002,0.9800000190734863,1.0,0.9999455809593201,0.9887360229492187,0.9589526653289795,0.958922803401947,0.0013711188346926272,0.0244140625,0.939453125,1.0,0.9991481900215149,0.9589526653289795,theory_anneal
0.051642816982650844,2200,0.989058125813802,0.9890277506510416,0.0015443281589233517,0.021666666666666667,0.9800000190734863,1.0,0.9999364614486694,0.989058125813802,0.9577240943908691,0.9576951265335083,0.001705606486892337,0.02587890625,0.9296875,1.0,0.9987649321556091,0.9577240943908691,theory_anneal
0.051642816982650844,2400,0.9893778889973959,0.9893483683268229,0.0010602274614490476,0.019333333333333313,0.9826666712760925,1.0,0.999957263469696,0.9893778889973959,0.9571882486343384,0.9571601152420044,0.001692200411232265,0.02587890625,0.927734375,1.0,0.9988933205604553,0.9571882486343384,theory_anneal
0.051642816982650844,2600,0.9901846110026041,0.990156005859375,0.000980677516207214,0.018666666666666665,0.9786666631698608,1.0,0.999921977519989,0.9901846923828125,0.9565534591674805,0.9565260410308838,0.0013680047241185023,0.02392578125,0.921875,1.0,0.9986518025398254,0.9565534591674805,theory_anneal
0.051642816982650844,2800,0.9910838623046875,0.9910558675130209,0.001141281667794661,0.021666666666666667,0.9800000190734863,1.0,0.9999399185180664,0.9910838623046875,0.9556054472923279,0.9555788040161133,0.0011988590551485529,0.021484375,0.919921875,1.0,0.9984562993049622,0.9556053876876831,theory_anneal
0.051642816982650844,3000,0.9914410196940104,0.9914138590494792,0.0012873558319978975,0.02266666666666667,0.9760000109672546,1.0,0.9999179840087891,0.9914410196940104,0.9547556638717651,0.9547299146652222,0.001513972113810819,0.0263671875,0.92578125,1.0,0.9983326196670532,0.9547556638717651,theory_anneal
0.051642816982650844,3200,0.9910835164388021,0.9910570475260416,0.0011223299330006449,0.021666666666666667,0.9866666793823242,1.0,0.9999573230743408,0.9910835164388021,0.9539153575897217,0.9538902640342712,0.0017342391860117228,0.0283203125,0.91796875,1.0,0.998417854309082,0.9539153575897217,theory_anneal
0.051642816982650844,3400,0.9918039957682292,0.9917782999674479,0.0009377326801075984,0.02100000000000002,0.9826666712760925,1.0,0.9999591708183289,0.9918039957682292,0.9536235332489014,0.9535989761352539,0.001791414986073982,0.0283203125,0.916015625,1.0,0.9984167218208313,0.9536235332489014,theory_anneal
0.051642816982650844,3600,0.9922802327473959,0.9922551676432292,0.0007548310723261419,0.019333333333333313,0.9773333072662354,1.0,0.9998737573623657,0.9922802327473959,0.9534098505973816,0.9533860683441162,0.0015562410084419005,0.02685546875,0.91796875,1.0,0.9983155727386475,0.9534099102020264,theory_anneal
0.051642816982650844,3800,0.9920221761067708,0.9919977213541666,0.0011146637238231563,0.020666666666666667,0.9826666712760925,1.0,0.9998859763145447,0.9920221964518229,0.9527426362037659,0.9527193903923035,0.0016443554579910257,0.02734375,0.8984375,1.0,0.9976659417152405,0.9527426362037659,theory_anneal
0.051642816982650844,4000,0.9928271280924479,0.9928033650716146,0.0006996692055789636,0.018333333333333313,0.972000002861023,1.0,0.9998552203178406,0.9928271280924479,0.9527193307876587,0.952696681022644,0.002153745445151766,0.03125,0.919921875,1.0,0.9985803961753845,0.9527193307876587,theory_anneal
0.00430356808188757,0,1.2514610595703124,1.2512684733072916,0.007966734891922499,0.04666666666666669,0.7933333516120911,1.0,0.9939655661582947,1.2514611409505207,1.24830162525177,1.2481129169464111,0.007157938303903792,0.0400390625,0.798828125,1.0,0.9944940805435181,1.24830162525177,grid_0.00430357
0.00430356808188757,200,1.0392130330403646,1.0391250813802084,0.00413764474473269,0.03833333333333333,0.7453333139419556,1.0,0.9902722239494324,1.0392130330403646,1.0236937999725342,1.023607611656189,0.0037910144138408246,0.033203125,0.806640625,1.0,0.9950094819068909,1.0236937999725342,grid_0.00430357
0.00430356808188757,400,1.003589864095052,1.0035310872395833,0.0027350743158182783,0.030333333333333323,0.846666693687439,1.0,0.995447039604187,1.003589864095052,0.985985279083252,0.9859278202056885,0.0037254412871376838,0.03076171875,0.8671875,1.0,0.9974981546401978,0.985985279083252,grid_0.00430357
0.00430356808188757,600,0.9936866048177083,0.9936385904947916,0.0013181876079625852,0.02200000000000002,0.9293333292007446,1.0,0.9980859160423279,0.9936866048177083,0.9745753407478333,0.9745287299156189,0.0037131080305148377,0.033203125,0.87890625,1.0,0.9980732798576355,0.9745753407478333,grid_0.00430357
0.00430356808188757,800,0.9908506469726562,0.990807840983073,0.0007508271132379631,0.01633333333333331,0.9306666851043701,1.0,0.9985435009002686,0.9908506469726562,0.9684247970581055,0.9683834910392761,0.0029398997430589847,0.025390625,0.912109375,1.0,0.9989742040634155,0.9684247970581055,grid_0.00430357
0.00430356808188757,1000,0.988385498046875,0.9883456217447917,0.0008043176024322553,0.015000000000000013,0.9480000138282776,1.0,0.9992167949676514,0.988385498046875,0.966029703617096,0.9659914374351501,0.0022179910971548726,0.0205078125,0.91796875,1.0,0.9991146326065063,0.966029703617096,grid_0.00430357
0.00430356808188757,1200,0.9878487141927084,0.9878108520507812,0.0007661393446115207,0.015000000000000013,0.9520000219345093,1.0,0.9991694688796997,0.9878487345377605,0.964260458946228,0.9642242193222046,0.001814352595585743,0.0224609375,0.904296875,1.0,0.9985754489898682,0.964260458946228,grid_0.00430357
0.00430356808188757,1400,0.9892790323893229,0.98924267578125,0.0005689968629294231,0.01100000000000001,0.9453333616256714,1.0,0.9991589784622192,0.9892790730794271,0.9627267122268677,0.9626920223236084,0.0021490663574114774,0.025390625,0.9296875,1.0,0.9986892938613892,0.9627267122268677,grid_0.00430357
0.00430356808188757,1600,0.988354248046875,0.9883191731770833,0.00026855491198394675,0.009666666666666657,0.9426666498184204,1.0,0.9992117285728455,0.988354248046875,0.9616068601608276,0.9615733623504639,0.002186816275997711,0.02197265625,0.904296875,1.0,0.9985446929931641,0.9616068601608276,grid_0.00430357
0.00430356808188757,1800,0.9879805501302084,0.9879466552734375,0.00031497708498354524,0.010666666666666658,0.9426666498184204,1.0,0.9993578791618347,0.9879805501302084,0.9611139297485352,0.9610816240310669,0.0026076269500479427,0.02490234375,0.935546875,1.0,0.9992892146110535,0.9611139297485352,grid_0.00430357
0.00430356808188757,2000,0.9890438028971354,0.9890108642578125,0.00017235113198532938,0.008000000000000007,0.9333333373069763,1.0,0.9991715550422668,0.989043701171875,0.9592021703720093,0.959170937538147,0.0023038959220117268,0.02490234375,0.9296875,1.0,0.999113917350769,0.9592021703720093,grid_0.00430357
0.00430356808188757,2200,0.9892140706380208,0.9891821085611979,0.00014071382710602407,0.010000000000000009,0.9413333535194397,1.0,0.9993119835853577,0.9892140706380208,0.9588731527328491,0.9588428735733032,0.0022675374387898,0.02587890625,0.953125,1.0,0.9996535181999207,0.9588731527328491,grid_0.00430357
0.00430356808188757,2400,0.9901019083658854,0.9900709228515625,0.00011625740529628988,0.00933333333333336,0.9346666932106018,1.0,0.9990590810775757,0.9901019897460938,0.9569958448410034,0.9569665193557739,0.0026886357119908465,0.0283203125,0.9375,1.0,0.9992197155952454,0.9569958448410034,grid_0.00430357
0.00430356808188757,2600,0.9898296101888021,0.9897994791666667,0.0001493165574120354,0.010000000000000009,0.9253333210945129,1.0,0.9990792870521545,0.9898296305338542,0.9555026888847351,0.9554742574691772,0.0012939372952046166,0.02001953125,0.958984375,1.0,0.9996641874313354,0.9555026888847351,grid_0.00430357
0.00430356808188757,2800,0.99062890625,0.9905995279947917,0.00018859402246701386,0.010666666666666658,0.9333333373069763,1.0,0.9992954134941101,0.9906288248697916,0.9555203318595886,0.9554926753044128,0.0019791905704990586,0.0244140625,0.953125,1.0,0.999484658241272,0.9555203318595886,grid_0.00430357
0.00430356808188757,3000,0.9898539632161458,0.9898254191080729,0.0002782692798952422,0.011333333333333306,0.9346666932106018,1.0,0.9992609024047852,0.9898539632161458,0.9556376934051514,0.9556108117103577,0.0017229121217154982,0.0224609375,0.939453125,1.0,0.9994093179702759,0.9556376934051514,grid_0.00430357
0.00430356808188757,3200,0.991951171875,0.9919234212239584,0.00025053972157369514,0.00933333333333336,0.937333345413208,1.0,0.9993778467178345,0.991951171875,0.9548695087432861,0.9548434019088745,0.0020037546002752093,0.02392578125,0.93359375,1.0,0.9992775917053223,0.9548695087432861,grid_0.00430357
0.00430356808188757,3400,0.9916053873697916,0.991578369140625,0.0003016014914688482,0.01100000000000001,0.9253333210945129,1.0,0.9991527199745178,0.9916053670247396,0.9544836282730103,0.9544581770896912,0.0021533844833573103,0.02587890625,0.94921875,1.0,0.999468207359314,0.9544836282730103,grid_0.00430357
0.00430356808188757,3600,0.9923861897786458,0.9923599039713542,0.0002340110618273791,0.009666666666666657,0.9200000166893005,1.0,0.9991256594657898,0.9923861694335937,0.9533601403236389,0.9533355236053467,0.0020540026399649214,0.02685546875,0.947265625,1.0,0.9994759559631348,0.9533601403236389,grid_0.00430357
0.00430356808188757,3800,0.9934148763020834,0.993389383951823,0.00040907507406066755,0.010000000000000009,0.9359999895095825,1.0,0.9994598627090454,0.9934149576822917,0.9524258971214294,0.9524019956588745,0.0021370783731455784,0.02734375,0.947265625,1.0,0.9991691708564758,0.9524258971214294,grid_0.00430357
0.00430356808188757,4000,0.9931378987630208,0.993113037109375,0.00042202301646161673,0.010666666666666658,0.9359999895095825,1.0,0.9994320869445801,0.9931378987630208,0.9520723223686218,0.9520490169525146,0.0017993739806529915,0.02490234375,0.95703125,1.0,0.9994440674781799,0.9520723223686218,grid_0.00430357
0.012910704245662711,0,1.251460001627604,1.251271728515625,0.006799159950456161,0.058666666666666645,0.9626666903495789,1.0,0.9997265338897705,1.251460001627604,1.2482991218566895,1.2481101751327515,0.011460304985056331,0.05908203125,0.923828125,1.0,0.9989185929298401,1.2482991218566895,grid_0.0129107
0.012910704245662711,200,1.038622823079427,1.0385371704101563,0.00468823231690088,0.04133333333333333,0.9573333263397217,1.0,0.9994256496429443,1.038622823079427,1.0246903896331787,1.0246052742004395,0.006766113790226658,0.0439453125,0.919921875,1.0,0.9991087913513184,1.0246903896331787,grid_0.0129107
0.012910704245662711,400,1.0040890299479166,1.0040320231119793,0.002838408546133711,0.027000000000000024,0.9706666469573975,1.0,0.9997962117195129,1.004089111328125,0.98603355884552,0.9859774708747864,0.002166086818066594,0.02587890625,0.953125,1.0,0.9996904134750366,0.98603355884552,grid_0.0129107
0.012910704245662711,600,0.9937412312825521,0.9936946207682291,0.0010877041270940632,0.015000000000000013,0.9826666712760925,1.0,0.9998579621315002,0.9937412516276042,0.9749851822853088,0.9749395847320557,0.0016064010124741388,0.021484375,0.990234375,1.0,0.9999739527702332,0.9749852418899536,grid_0.0129107
0.012910704245662711,800,0.9894652506510416,0.9894237060546875,0.0008521489393474298,0.015000000000000013,0.9626666903495789,1.0,0.9996400475502014,0.98946533203125,0.9686744213104248,0.9686337113380432,0.0015650017900703198,0.0224609375,0.982421875,1.0,0.9999374747276306,0.9686744213104248,grid_0.0129107
0.012910704245662711,1000,0.9893251953125,0.9892862345377604,0.0006645821822518574,0.01366666666666666,0.9613333344459534,1.0,0.9995468258857727,0.9893251953125,0.9659314751625061,0.9658936262130737,0.0017651538239196528,0.021484375,0.978515625,1.0,0.9998878836631775,0.9659315347671509,grid_0.0129107
0.012910704245662711,1200,0.988343770345052,0.9883068033854167,0.000798810365515702,0.01733333333333331,0.9613333344459534,1.0,0.9995065927505493,0.9883438313802083,0.9643307328224182,0.9642948508262634,0.0021224040608414847,0.0263671875,0.947265625,1.0,0.9995115399360657,0.964330792427063,grid_0.0129107
0.012910704245662711,1400,0.9885640665690104,0.9885284220377604,0.0006530591248613293,0.016666666666666663,0.9480000138282776,1.0,0.9992251992225647,0.9885640665690104,0.9614514112472534,0.961417019367218,0.0037545245502697156,0.03466796875,0.955078125,1.0,0.9994858503341675,0.9614514112472534,grid_0.0129107
0.012910704245662711,1600,0.9887056884765625,0.9886712443033854,0.0005932446612215179,0.015666666666666662,0.9520000219345093,1.0,0.9992834329605103,0.9887056884765625,0.960728645324707,0.9606955051422119,0.002621743149603791,0.0263671875,0.931640625,1.0,0.9992972612380981,0.9607287049293518,grid_0.0129107
0.012910704245662711,1800,0.987804707845052,0.9877713012695313,0.0004011383878179538,0.013000000000000012,0.9506666660308838,1.0,0.9994230270385742,0.9878047281901041,0.9595519304275513,0.9595198631286621,0.002786271596132463,0.0283203125,0.9453125,1.0,0.9993441700935364,0.9595519304275513,grid_0.0129107
0.012910704245662711,2000,0.9876751302083333,0.9876427408854167,0.0005318803066380485,0.01533333333333331,0.9480000138282776,1.0,0.9993753433227539,0.9876751302083333,0.9589753150939941,0.9589442014694214,0.002379788685136586,0.02685546875,0.95703125,1.0,0.9996228218078613,0.9589753150939941,grid_0.0129107
0.012910704245662711,2200,0.9891520589192708,0.9891206258138021,0.000656609924640493,0.016666666666666663,0.9359999895095825,1.0,0.9992424249649048,0.9891520589192708,0.9573115110397339,0.9572814106941223,0.002690647739765054,0.0302734375,0.962890625,1.0,0.99958735704422,0.9573115110397339,grid_0.0129107
0.012910704245662711,2400,0.9897200520833334,0.9896895345052084,0.0004614372592357845,0.01533333333333331,0.9426666498184204,1.0,0.9991923570632935,0.9897200520833334,0.9569413661956787,0.9569121599197388,0.0029947174828380513,0.02880859375,0.9609375,1.0,0.9993887543678284,0.9569414258003235,grid_0.0129107
0.012910704245662711,2600,0.9893783569335938,0.9893487141927083,0.000341295167319276,0.01266666666666666,0.9453333616256714,1.0,0.999243974685669,0.9893783569335938,0.9561665058135986,0.9561381340026855,0.0024280574391809897,0.02685546875,0.9765625,1.0,0.9997126460075378,0.9561665058135986,grid_0.0129107
0.012910704245662711,2800,0.9898430582682292,0.9898141276041666,0.000474318351815277,0.014000000000000012,0.9546666741371155,1.0,0.9993802309036255,0.9898430582682292,0.9557479619979858,0.9557204246520996,0.002132253296373059,0.0263671875,0.962890625,1.0,0.9994078874588013,0.9557479619979858,grid_0.0129107
0.012910704245662711,3000,0.9912533365885416,0.991225341796875,0.0003527070361858064,0.014333333333333309,0.9506666660308838,1.0,0.9991452693939209,0.9912533365885416,0.9555327296257019,0.9555059671401978,0.002660052091557678,0.029296875,0.974609375,1.0,0.9997695684432983,0.9555327296257019,grid_0.0129107
0.012910704245662711,3200,0.9920921630859375,0.9920649617513021,0.000305962262443605,0.013000000000000012,0.9520000219345093,1.0,0.9993930459022522,0.9920921630859375,0.954162061214447,0.9541361331939697,0.0021025671572905986,0.0244140625,0.95703125,1.0,0.999633252620697,0.954162061214447,grid_0.0129107
0.012910704245662711,3400,0.9914884847005209,0.991461934407552,0.00019804190252792215,0.010000000000000009,0.9426666498184204,1.0,0.9990652799606323,0.9914884847005209,0.9546931982040405,0.954667866230011,0.0023396063252645355,0.0263671875,0.974609375,1.0,0.9998375773429871,0.9546931982040405,grid_0.0129107
0.012910704245662711,3600,0.9917373860677083,0.9917116292317708,0.00032518626614752447,0.012333333333333307,0.9493333101272583,1.0,0.9991408586502075,0.9917373860677083,0.9539583921432495,0.953933835029602,0.00229893952746755,0.0263671875,0.970703125,1.0,0.9998301863670349,0.9539583921432495,grid_0.0129107
0.012910704245662711,3800,0.9924345296223959,0.9924093424479167,0.00030245460222587595,0.011666666666666659,0.9506666660308838,1.0,0.9992552399635315,0.9924345296223959,0.9533590078353882,0.9533350467681885,0.002430814364587211,0.02685546875,0.953125,1.0,0.999657928943634,0.9533590078353882,grid_0.0129107
0.012910704245662711,4000,0.9925181070963541,0.9924935099283854,0.00028351446165467755,0.01100000000000001,0.9506666660308838,1.0,0.999139130115509,0.9925181070963541,0.952686071395874,0.9526628255844116,0.00211046378981657,0.02490234375,0.953125,1.0,0.999681293964386,0.952686071395874,grid_0.0129107
0.02151784040943785,0,1.25146142578125,1.251272705078125,0.0035954293717919707,0.02833333333333332,0.8613333106040955,1.0,0.9954004287719727,1.25146142578125,1.2482988834381104,1.2481098175048828,0.005897103219664595,0.0390625,0.9296875,1.0,0.997577965259552,1.2482988834381104,grid_0.0215178
0.02151784040943785,200,1.038798807779948,1.0387107340494792,0.0034055628011188687,0.02533333333333332,0.8546666502952576,1.0,0.994174063205719,1.038798807779948,1.024085521697998,1.0239977836608887,0.006467047873031613,0.03955078125,0.9140625,1.0,0.9974163174629211,1.024085521697998,grid_0.0215178
0.02151784040943785,400,1.00343115234375,1.0033731282552083,0.0020816748246180864,0.018333333333333313,0.8920000195503235,1.0,0.9972718358039856,1.00343115234375,0.9862684011459351,0.9862115979194641,0.002997184701566059,0.029296875,0.88671875,1.0,0.9964807033538818,0.9862684011459351,grid_0.0215178
0.02151784040943785,600,0.9939807942708333,0.9939339599609375,0.0022911895333500793,0.021666666666666667,0.9279999732971191,1.0,0.9982442259788513,0.9939807942708333,0.9738702774047852,0.9738247394561768,0.002791020560383171,0.03125,0.892578125,1.0,0.9974899291992188,0.9738702774047852,grid_0.0215178
0.02151784040943785,800,0.9900941162109375,0.9900526123046876,0.0018382002353866834,0.020333333333333314,0.9319999814033508,1.0,0.9984279870986938,0.9900941569010416,0.968273937702179,0.968233585357666,0.003961079101925445,0.0380859375,0.92578125,1.0,0.9989553093910217,0.968273937702179,grid_0.0215178
0.02151784040943785,1000,0.9884573160807292,0.9884187622070313,0.0019484384340775697,0.022333333333333316,0.9386666417121887,1.0,0.999172568321228,0.9884573160807292,0.9658514261245728,0.965813934803009,0.0022686698618795097,0.03076171875,0.951171875,1.0,0.9994469881057739,0.9658514261245728,grid_0.0215178
0.02151784040943785,1200,0.9884637858072917,0.9884272257486979,0.0014368125721800967,0.02200000000000002,0.9440000057220459,1.0,0.9993810057640076,0.9884637858072917,0.9643030166625977,0.9642674326896667,0.0016027024626200006,0.0244140625,0.93359375,1.0,0.9992828369140625,0.9643030166625977,grid_0.0215178
0.02151784040943785,1400,0.9882283121744792,0.9881932576497395,0.0015310597389543458,0.024333333333333318,0.9466666579246521,1.0,0.9995157718658447,0.9882283121744792,0.9620678424835205,0.9620338678359985,0.0021020244551903937,0.02685546875,0.951171875,1.0,0.9996089339256287,0.9620678424835205,grid_0.0215178
0.02151784040943785,1600,0.9887935791015625,0.9887598063151042,0.0010763155148424924,0.021666666666666667,0.9440000057220459,1.0,0.9993574619293213,0.9887935791015625,0.9607710242271423,0.9607383012771606,0.0017018884513497908,0.02392578125,0.966796875,1.0,0.9997900724411011,0.9607710242271423,grid_0.0215178
0.02151784040943785,1800,0.9884947509765625,0.9884620361328125,0.0012111062329431244,0.020666666666666667,0.9386666417121887,1.0,0.9992824196815491,0.9884947509765625,0.9600480794906616,0.9600163698196411,0.001376739715962651,0.0244140625,0.970703125,1.0,0.9998879432678223,0.9600480794906616,grid_0.0215178
0.02151784040943785,2000,0.9888992919921875,0.98886767578125,0.0012458961776148803,0.019666666666666666,0.9520000219345093,1.0,0.999496579170227,0.9888992919921875,0.9589332938194275,0.9589027762413025,0.0014970036755328608,0.02490234375,0.96875,1.0,0.9998788237571716,0.9589333534240723,grid_0.0215178
0.02151784040943785,2200,0.9891113077799479,0.98908056640625,0.0013907965798092244,0.02100000000000002,0.9520000219345093,1.0,0.9995548129081726,0.9891113077799479,0.9578967094421387,0.9578670859336853,0.001900784463526687,0.029296875,0.970703125,1.0,0.9998770356178284,0.9578967094421387,grid_0.0215178
0.02151784040943785,2400,0.9891263427734375,0.9890965983072917,0.0015175032180604411,0.021666666666666667,0.9613333344459534,1.0,0.9995408654212952,0.9891263427734375,0.956706166267395,0.9566774964332581,0.0019714355099622297,0.0283203125,0.974609375,1.0,0.9999067783355713,0.9567062854766846,grid_0.0215178
0.02151784040943785,2600,0.9899083862304687,0.9898794352213541,0.001413136597370145,0.019000000000000017,0.9506666660308838,1.0,0.9994816184043884,0.9899083862304687,0.9561690092086792,0.9561412334442139,0.001794905981533285,0.0263671875,0.974609375,1.0,0.9999219179153442,0.9561690092086792,grid_0.0215178
0.02151784040943785,2800,0.989312255859375,0.9892840779622396,0.0017715417843532945,0.021666666666666667,0.9573333263397217,1.0,0.9995371699333191,0.989312255859375,0.9558326005935669,0.9558056592941284,0.0015665123626079156,0.0244140625,0.978515625,1.0,0.9998853802680969,0.9558326005935669,grid_0.0215178
0.02151784040943785,3000,0.99155078125,0.9915233561197917,0.0011840865589781676,0.01633333333333331,0.9559999704360962,1.0,0.999596118927002,0.99155078125,0.9550009965896606,0.9549748301506042,0.002100959130170569,0.02783203125,0.962890625,1.0,0.9998042583465576,0.9550009965896606,grid_0.0215178
0.02151784040943785,3200,0.9914652303059895,0.9914386393229166,0.0016076406116626277,0.019666666666666666,0.9559999704360962,1.0,0.9995418190956116,0.9914652303059895,0.9543272256851196,0.9543018341064453,0.0017988571163492263,0.025390625,0.97265625,1.0,0.9998589754104614,0.9543272852897644,grid_0.0215178
0.02151784040943785,3400,0.9916518147786458,0.9916259765625,0.0011330232086380425,0.018666666666666665,0.9506666660308838,1.0,0.9996000528335571,0.9916518147786458,0.9542366862297058,0.9542120099067688,0.001474991892772043,0.0224609375,0.97265625,1.0,0.9998915791511536,0.954236626625061,grid_0.0215178
0.02151784040943785,3600,0.9933976643880208,0.9933725179036458,0.00153599795922089,0.019000000000000017,0.9586666822433472,1.0,0.9996339082717896,0.9933976847330729,0.9539107084274292,0.9538866877555847,0.0011623369260070444,0.021484375,0.966796875,1.0,0.9998593926429749,0.9539107084274292,grid_0.0215178
0.02151784040943785,3800,0.9924981892903646,0.9924737141927084,0.00103878548429559,0.016666666666666663,0.9599999785423279,1.0,0.9996901750564575,0.9924981892903646,0.9535906314849854,0.9535672664642334,0.0019783274495600556,0.0263671875,0.966796875,1.0,0.9998607635498047,0.9535906314849854,grid_0.0215178
0.02151784040943785,4000,0.9934722696940104,0.9934484049479166,0.001372797971356585,0.019666666666666666,0.9626666903495789,1.0,0.999676525592804,0.9934722493489583,0.9531329870223999,0.9531103372573853,0.001469637971384721,0.02294921875,0.9765625,1.0,0.9997979402542114,0.9531329274177551,grid_0.0215178
0.051642816982650844,0,1.25147021484375,1.2512788899739584,0.002971706288548837,0.02300000000000002,0.9253333210945129,1.0,0.9970816969871521,1.25147021484375,1.2483065128326416,1.2481200695037842,0.005334505015351957,0.033203125,0.908203125,1.0,0.9977582693099976,1.2483065128326416,grid_0.0516428
0.051642816982650844,200,1.0400878092447916,1.0399979248046876,0.006541613608068683,0.03433333333333333,0.8840000033378601,1.0,0.9953058362007141,1.0400878295898437,1.0244998931884766,1.0244115591049194,0.00856494280266678,0.05126953125,0.9453125,1.0,0.9974781274795532,1.0244998931884766,grid_0.0516428
0.051642816982650844,400,1.003531229654948,1.0034723103841146,0.003668108947196673,0.020333333333333314,0.8920000195503235,1.0,0.9965396523475647,1.00353125,0.9859074950218201,0.9858499765396118,0.004154859231257343,0.029296875,0.9140625,1.0,0.997171938419342,0.9859074950218201,grid_0.0516428
0.051642816982650844,600,0.9933445638020834,0.9932973225911458,0.002851036108907728,0.02533333333333332,0.9240000247955322,1.0,0.9983794093132019,0.9933445638020834,0.9743296504020691,0.9742834568023682,0.0032697903982809784,0.03125,0.8984375,1.0,0.9980106949806213,0.9743296504020691,grid_0.0516428
0.051642816982650844,800,0.9911039632161458,0.9910620524088541,0.0019442716399509679,0.02400000000000002,0.9226666688919067,1.0,0.9987199902534485,0.99110400390625,0.9694745540618896,0.9694335460662842,0.0035029423284856976,0.03271484375,0.9140625,1.0,0.9989693760871887,0.9694745540618896,grid_0.0516428
0.051642816982650844,1000,0.988253173828125,0.9882142333984375,0.0016272234235281545,0.02266666666666667,0.9066666960716248,1.0,0.9987981915473938,0.9882532145182291,0.9663290977478027,0.9662908315658569,0.0028040899440732255,0.02734375,0.89453125,1.0,0.9985688328742981,0.9663290977478027,grid_0.0516428
0.051642816982650844,1200,0.9887721354166666,0.9887351888020833,0.000716001930042963,0.015000000000000013,0.9200000166893005,1.0,0.9989240765571594,0.9887721354166666,0.9635684490203857,0.963532030582428,0.003153156850697502,0.03173828125,0.87109375,1.0,0.9978013038635254,0.9635684490203857,grid_0.0516428
0.051642816982650844,1400,0.987880126953125,0.9878446248372396,0.000565278270846677,0.01200000000000001,0.9240000247955322,1.0,0.9990935921669006,0.987880126953125,0.9619847536087036,0.9619498252868652,0.0027973431109397516,0.0302734375,0.8984375,1.0,0.99861741065979,0.9619847536087036,grid_0.0516428
0.051642816982650844,1600,0.9874284464518229,0.9873941040039063,0.0004507296359084911,0.01100000000000001,0.9279999732971191,1.0,0.999229371547699,0.9874284464518229,0.9614203572273254,0.9613866806030273,0.0020529571782967842,0.02685546875,0.88671875,1.0,0.9981105327606201,0.9614203572273254,grid_0.0516428
0.051642816982650844,1800,0.9891720377604166,0.9891387125651042,0.0004694257734917082,0.013000000000000012,0.9413333535194397,1.0,0.9994221329689026,0.9891720377604166,0.9594710469245911,0.9594384431838989,0.0021648315073953786,0.02587890625,0.89453125,1.0,0.9983904361724854,0.9594710469245911,grid_0.0516428
0.051642816982650844,2000,0.9899062093098958,0.9898739013671874,0.0004132359905635795,0.013333333333333308,0.9359999895095825,1.0,0.9993538856506348,0.9899062093098958,0.9584554433822632,0.9584238529205322,0.003173748935024065,0.03173828125,0.8828125,1.0,0.9979394674301147,0.9584554433822632,grid_0.0516428
0.051642816982650844,2200,0.9892552490234375,0.9892239786783854,0.00038999388676321233,0.01200000000000001,0.937333345413208,1.0,0.9994499087333679,0.9892552897135417,0.9570638537406921,0.9570332169532776,0.0031730445208447626,0.0302734375,0.873046875,1.0,0.9977188110351562,0.9570638537406921,grid_0.0516428
0.051642816982650844,2400,0.9895187784830729,0.9894883829752604,0.00034961851645142833,0.01266666666666666,0.9306666851043701,1.0,0.9993308186531067,0.9895187784830729,0.9571608901023865,0.9571312069892883,0.0032669272612876705,0.0302734375,0.884765625,1.0,0.9979779720306396,0.9571608901023865,grid_0.0516428
0.051642816982650844,2600,0.9898534545898438,0.9898238932291666,0.00031345640107834045,0.01200000000000001,0.9293333292007446,1.0,0.9992995262145996,0.9898534545898438,0.9572021961212158,0.9571733474731445,0.002704472685182767,0.0283203125,0.888671875,1.0,0.9981414079666138,0.9572021961212158,grid_0.0516428
0.051642816982650844,2800,0.9905591634114583,0.9905304565429688,0.0003572437525657771,0.011666666666666659,0.9333333373069763,1.0,0.9993394017219543,0.9905591634114583,0.9555617570877075,0.9555337429046631,0.0032064175179859606,0.029296875,0.8828125,1.0,0.9980216026306152,0.9555618166923523,grid_0.0516428
0.051642816982650844,3000,0.9909598185221354,0.9909319458007813,0.00036111811393425754,0.010000000000000009,0.9399999976158142,1.0,0.9994848370552063,0.9909598185221354,0.955554723739624,0.9555274844169617,0.003258077686848137,0.02880859375,0.888671875,1.0,0.998161792755127,0.955554723739624,grid_0.0516428
0.051642816982650844,3200,0.9907045288085937,0.9906772867838541,0.0003003226507192048,0.01200000000000001,0.9240000247955322,1.0,0.9992069602012634,0.9907045288085937,0.9550138711929321,0.9549874067306519,0.0035201094252155407,0.03173828125,0.890625,1.0,0.9981554746627808,0.9550138711929321,grid_0.0516428
0.051642816982650844,3400,0.9920682779947917,0.9920418294270833,0.0004332892370638362,0.012333333333333307,0.9386666417121887,1.0,0.9994797706604004,0.9920682779947917,0.9538748264312744,0.9538490772247314,0.004147746663556149,0.0322265625,0.880859375,1.0,0.9977982640266418,0.9538748860359192,grid_0.0516428
0.051642816982650844,3600,0.9925363362630208,0.9925104573567708,0.00028071187954544267,0.010333333333333361,0.9213333129882812,1.0,0.9990876317024231,0.9925363362630208,0.9534541368484497,0.9534290432929993,0.0034452120512897546,0.0322265625,0.865234375,1.0,0.997063159942627,0.9534541368484497,grid_0.0516428
0.051642816982650844,3800,0.9920244140625,0.9919993896484375,0.00024580999859603674,0.010666666666666658,0.9346666932106018,1.0,0.9993923902511597,0.9920244140625,0.9528802037239075,0.9528557658195496,0.0036985522232856603,0.03076171875,0.873046875,1.0,0.9974119067192078,0.9528802037239075,grid_0.0516428
0.051642816982650844,4000,0.9930480753580729,0.993023681640625,0.0003609309404594125,0.012333333333333307,0.9333333373069763,1.0,0.9993669390678406,0.9930480753580729,0.9529538154602051,0.9529300928115845,0.0038026407487627947,0.03271484375,0.87109375,1.0,0.9972279071807861,0.9529538154602051,grid_0.0516428
0.5711619201238108,0,1.2514666341145833,1.2512765299479167,0.00436245614851411,0.03533333333333333,0.8733333349227905,1.0,0.9967060089111328,1.2514666341145833,1.248305082321167,1.2481125593185425,0.006388565126193392,0.044921875,0.9296875,1.0,0.998615026473999,1.248305082321167,grid_0.571162
0.5711619201238108,200,1.0399646809895833,1.0398644612630208,0.004449256223977182,0.03433333333333333,0.8853333592414856,1.0,0.9966880679130554,1.0399646809895833,1.0241138935089111,1.0240131616592407,0.0071983934442337565,0.05078125,0.943359375,1.0,0.9988953471183777,1.0241138935089111,grid_0.571162
0.5711619201238108,400,1.0039598795572917,1.003893046061198,0.0035689567802915274,0.032999999999999974,0.9213333129882812,1.0,0.9985064268112183,1.0039599609375,0.9853223562240601,0.9852545261383057,0.004323566975213238,0.03759765625,0.91796875,1.0,0.9986860752105713,0.9853223562240601,grid_0.571162
0.5711619201238108,600,0.9936779988606771,0.9936259155273437,0.0028803281261618897,0.028666666666666674,0.9413333535194397,1.0,0.9993461966514587,0.9936780802408854,0.9740011096000671,0.9739477634429932,0.0017893196587365683,0.02490234375,0.927734375,1.0,0.9989232420921326,0.9740011096000671,grid_0.571162
0.5711619201238108,800,0.9903105875651042,0.9902655029296875,0.0018667721558176496,0.02566666666666667,0.9493333101272583,1.0,0.9995611906051636,0.990310546875,0.969226598739624,0.9691804647445679,0.001210959609932404,0.0205078125,0.923828125,1.0,0.9992005228996277,0.969226598739624,grid_0.571162
0.5711619201238108,1000,0.9888572184244792,0.9888161417643229,0.0010021246334362866,0.018666666666666665,0.9666666388511658,1.0,0.9998064041137695,0.9888572184244792,0.9660270810127258,0.9659850001335144,0.0007981175424274629,0.013671875,0.927734375,1.0,0.9993385672569275,0.9660270810127258,grid_0.571162
0.5711619201238108,1200,0.9878909708658854,0.9878523152669271,0.0008794088825021305,0.019000000000000017,0.972000002861023,1.0,0.9998723268508911,0.9878909912109375,0.9639140367507935,0.9638743996620178,0.0012680917646313158,0.015625,0.92578125,1.0,0.9992612600326538,0.9639140367507935,grid_0.571162
0.5711619201238108,1400,0.9874632975260417,0.9874263712565104,0.0009355698240973548,0.01733333333333331,0.9760000109672546,1.0,0.9998610615730286,0.9874632975260417,0.9617791175842285,0.9617413282394409,0.002396190518061615,0.02197265625,0.9140625,1.0,0.9990859031677246,0.9617791175842285,grid_0.571162
0.5711619201238108,1600,0.9875057373046875,0.9874699910481771,0.0009192360048576463,0.018333333333333313,0.9786666631698608,1.0,0.999916672706604,0.9875057779947917,0.961394190788269,0.9613576531410217,0.002668156307077643,0.025390625,0.939453125,1.0,0.999502956867218,0.961394190788269,grid_0.571162
0.5711619201238108,1800,0.9885870971679688,0.9885523885091145,0.0011775822284938963,0.020000000000000018,0.9826666712760925,1.0,0.9999458193778992,0.988587158203125,0.9595720171928406,0.959536612033844,0.002591968923076959,0.0244140625,0.953125,1.0,0.9996107816696167,0.9595720171928406,grid_0.571162
0.5711619201238108,2000,0.9887614949544271,0.9887277018229167,0.0011906154235234324,0.021333333333333315,0.972000002861023,1.0,0.999865710735321,0.9887614949544271,0.959174394607544,0.959139883518219,0.0027295314022245626,0.021484375,0.951171875,1.0,0.9994277358055115,0.959174394607544,grid_0.571162
0.5711619201238108,2200,0.9899164225260416,0.9898835245768229,0.0011094758545131683,0.021666666666666667,0.9666666388511658,1.0,0.9998506903648376,0.98991650390625,0.9581141471862793,0.9580804705619812,0.0031392056355084223,0.02587890625,0.9453125,1.0,0.9993526339530945,0.9581141471862793,grid_0.571162
0.5711619201238108,2400,0.9903763834635416,0.9903441975911458,0.0013392135037982905,0.024333333333333318,0.9826666712760925,1.0,0.9999210834503174,0.9903764241536458,0.9582362174987793,0.9582031965255737,0.0031254997187987873,0.02783203125,0.95703125,1.0,0.9994660019874573,0.9582362174987793,grid_0.571162
0.5711619201238108,2600,0.990455810546875,0.9904243570963541,0.0014799810617420787,0.024333333333333318,0.9573333263397217,1.0,0.9997612237930298,0.990455810546875,0.9572746753692627,0.957242488861084,0.0028970629711447763,0.02978515625,0.953125,1.0,0.9994164705276489,0.9572746753692627,grid_0.571162
0.5711619201238108,2800,0.9912074788411458,0.9911767171223959,0.0014544149546656855,0.026666666666666672,0.972000002861023,1.0,0.9999013543128967,0.9912074788411458,0.956451416015625,0.9564199447631836,0.002875953077342042,0.02734375,0.95703125,1.0,0.9993882775306702,0.956451416015625,grid_0.571162
0.5711619201238108,3000,0.9909221598307292,0.9908920084635416,0.0010991949938751041,0.023333333333333317,0.9639999866485596,1.0,0.9997829794883728,0.9909221598307292,0.9552519917488098,0.9552211761474609,0.003461534743043758,0.02783203125,0.962890625,1.0,0.9995563626289368,0.9552519917488098,grid_0.571162
0.5711619201238108,3200,0.9914014485677083,0.9913719685872396,0.0010305805780729059,0.02266666666666667,0.9800000190734863,1.0,0.9998883605003357,0.9914014485677083,0.954362154006958,0.9543320536613464,0.0033663110990631924,0.0263671875,0.962890625,1.0,0.9995390176773071,0.954362154006958,grid_0.571162
0.5711619201238108,3400,0.9917438557942708,0.991715087890625,0.0009600949255780943,0.020000000000000018,0.9800000190734863,1.0,0.999851405620575,0.9917438557942708,0.9534485936164856,0.9534190893173218,0.003492780093782936,0.02490234375,0.96484375,1.0,0.9994166493415833,0.9534486532211304,grid_0.571162
0.5711619201238108,3600,0.9917772013346354,0.9917489217122396,0.0009934466337204039,0.020666666666666667,0.9853333234786987,1.0,0.9999253749847412,0.9917772013346354,0.953334391117096,0.9533054828643799,0.0024570337643326215,0.021484375,0.958984375,1.0,0.9995436668395996,0.9533344507217407,grid_0.571162
0.5711619201238108,3800,0.9927198893229167,0.9926921590169271,0.0010039375018281356,0.019333333333333313,0.9760000109672546,1.0,0.9997683167457581,0.9927198689778646,0.9531902074813843,0.9531619548797607,0.0027186804565547686,0.02490234375,0.966796875,1.0,0.9993801116943359,0.953190267086029,grid_0.571162
0.5711619201238108,4000,0.99347216796875,0.993445068359375,0.001390590846476408,0.023333333333333317,0.9760000109672546,1.0,0.9998478889465332,0.9934721883138021,0.9523990154266357,0.9523712396621704,0.0020870436625635464,0.02001953125,0.966796875,1.0,0.9994011521339417,0.9523990154266357,grid_0.571162
0.5926351117342821,0,1.2514569498697916,1.2512674153645833,0.005821029562469956,0.035999999999999976,0.8560000061988831,1.0,0.9972766637802124,1.2514568684895833,1.2482951879501343,1.248103141784668,0.0045654193618882245,0.03662109375,0.955078125,1.0,0.9996297359466553,1.2482951879501343,grid_0.592635
0.5926351117342821,200,1.0392525431315105,1.039150431315104,0.0062487333284822364,0.042666666666666686,0.9146666526794434,0.9999999403953552,0.9981160163879395,1.0392525431315105,1.0233845710754395,1.023280143737793,0.008161056337280814,0.05322265625,0.888671875,1.0,0.9972042441368103,1.0233845710754395,grid_0.592635
0.5926351117342821,400,1.004311014811198,1.004242167154948,0.004808538267481669,0.03866666666666668,0.9480000138282776,1.0000001192092896,0.9991201162338257,1.004311014811198,0.9850262403488159,0.9849566221237183,0.008975802463116462,0.0517578125,0.896484375,1.0,0.9978369474411011,0.9850262403488159,grid_0.592635
0.5926351117342821,600,0.9946726888020834,0.9946188151041667,0.002995393947514816,0.03199999999999997,0.9399999976158142,1.0,0.999399721622467,0.9946727701822917,0.9737188816070557,0.973664402961731,0.004146191110233454,0.0322265625,0.8984375,1.0,0.9978599548339844,0.9737189412117004,grid_0.592635
0.5926351117342821,800,0.9896272583007812,0.9895807291666666,0.0017532369117947736,0.02466666666666667,0.9453333616256714,1.0,0.9995740652084351,0.9896272989908854,0.9684940576553345,0.9684468507766724,0.0035489041441168815,0.02978515625,0.94140625,1.0,0.9987552165985107,0.9684940576553345,grid_0.592635
0.5926351117342821,1000,0.9890128173828125,0.9889702962239584,0.0010608350428529503,0.019666666666666666,0.9399999976158142,1.0,0.9994663596153259,0.9890128173828125,0.9648542404174805,0.9648113250732422,0.0013896877708647123,0.0234375,0.9453125,1.0,0.9994922876358032,0.9648542404174805,grid_0.592635
0.5926351117342821,1200,0.9879150594075521,0.9878750406901041,0.000955355683795041,0.017000000000000015,0.9213333129882812,1.0,0.9991105198860168,0.9879150594075521,0.9636051654815674,0.9635647535324097,0.001632216061068939,0.02685546875,0.943359375,1.0,0.9995915293693542,0.9636051654815674,grid_0.592635
0.5926351117342821,1400,0.9882569986979167,0.9882187906901042,0.0008218052621405529,0.016666666666666663,0.9359999895095825,1.0,0.99927818775177,0.9882569986979167,0.9615235328674316,0.9614849090576172,0.001728302453182318,0.02880859375,0.974609375,1.0,0.9998162984848022,0.9615235328674316,grid_0.592635
0.5926351117342821,1600,0.9878534749348958,0.9878165079752604,0.0005905813444628215,0.014333333333333309,0.9253333210945129,1.0,0.9989164471626282,0.9878534749348958,0.960995078086853,0.9609580039978027,0.0013403679690491017,0.02294921875,0.96875,1.0,0.99976646900177,0.960995078086853,grid_0.592635
0.5926351117342821,1800,0.9891507975260416,0.9891149698893229,0.0007855898797610974,0.014000000000000012,0.9266666769981384,1.0,0.9988970160484314,0.9891507568359375,0.9598771333694458,0.9598411321640015,0.0019718939501186016,0.0263671875,0.96484375,1.0,0.9996600151062012,0.9598771333694458,grid_0.592635
0.5926351117342821,2000,0.9896598917643229,0.9896249593098958,0.000858538431191828,0.014333333333333309,0.9240000247955322,1.0,0.9986896514892578,0.9896599324544271,0.9588913321495056,0.9588562250137329,0.001572822680064584,0.025390625,0.962890625,1.0,0.9995388984680176,0.9588913917541504,grid_0.592635
0.5926351117342821,2200,0.9899241739908854,0.98989013671875,0.0010625456923580726,0.015666666666666662,0.9266666769981384,1.0,0.998569130897522,0.9899241739908854,0.9582720398902893,0.9582377672195435,0.0017499884696415974,0.0263671875,0.95703125,1.0,0.9996103644371033,0.9582719802856445,grid_0.592635
0.5926351117342821,2400,0.9886718139648437,0.9886385498046875,0.0010243443532667023,0.017000000000000015,0.9266666769981384,1.0,0.9987918138504028,0.9886718139648437,0.9581479430198669,0.9581145644187927,0.0011639677211604446,0.02099609375,0.953125,0.9999999403953552,0.9995855093002319,0.9581480026245117,grid_0.592635
0.5926351117342821,2600,0.9895255126953125,0.9894930216471354,0.0009571875030188154,0.01633333333333331,0.9319999814033508,1.0,0.9988204836845398,0.9895255533854167,0.9566967487335205,0.9566642045974731,0.001488184855445347,0.0244140625,0.958984375,1.0,0.9996272921562195,0.9566967487335205,grid_0.592635
0.5926351117342821,2800,0.9899911295572916,0.9899593505859375,0.0009754264818669254,0.015666666666666662,0.9346666932106018,1.0,0.9988175630569458,0.9899911295572916,0.9557216167449951,0.9556897878646851,0.001430898593410937,0.02294921875,0.93359375,1.0,0.9994063377380371,0.9557216167449951,grid_0.592635
0.5926351117342821,3000,0.9909925944010417,0.9909615071614584,0.0009453532405599305,0.014333333333333309,0.9279999732971191,1.0,0.998834490776062,0.9909925944010417,0.9541618824005127,0.9541307091712952,0.0013548780571097964,0.0224609375,0.94921875,1.0,0.9996177554130554,0.9541618824005127,grid_0.592635
0.5926351117342821,3200,0.99074267578125,0.9907122599283854,0.0011728818565241825,0.015666666666666662,0.9319999814033508,1.0,0.9989571571350098,0.99074267578125,0.9545841217041016,0.9545536041259766,0.0013935123080578756,0.021484375,0.953125,1.0,0.999525249004364,0.9545841217041016,grid_0.592635
0.5926351117342821,3400,0.9922430419921875,0.9922132568359375,0.0011627244611602961,0.01533333333333331,0.9279999732971191,1.0,0.9987580180168152,0.9922430419921875,0.9538823962211609,0.9538525938987732,0.0014573120105276787,0.02099609375,0.955078125,1.0,0.9995701909065247,0.9538823962211609,grid_0.592635
0.5926351117342821,3600,0.9914944661458334,0.9914652099609375,0.00130541897257843,0.017666666666666664,0.9386666417121887,1.0,0.9990955591201782,0.9914944661458334,0.9532883167266846,0.9532591700553894,0.0011870627483382638,0.01904296875,0.94921875,1.0,0.9994264245033264,0.9532883167266846,grid_0.592635
0.5926351117342821,3800,0.9931677042643229,0.9931390787760417,0.0015754077429885104,0.019000000000000017,0.9386666417121887,1.0,0.9991757869720459,0.9931677042643229,0.952796220779419,0.9527677297592163,0.001130714518113166,0.01953125,0.958984375,1.0,0.9997053146362305,0.9527962803840637,grid_0.592635
0.5926351117342821,4000,0.9924947509765625,0.9924667358398438,0.0011362761302339706,0.01533333333333331,0.9279999732971191,1.0,0.998889684677124,0.9924947509765625,0.9526057839393616,0.9525777697563171,0.001538140564425766,0.021484375,0.95703125,1.0,0.9996706247329712,0.9526057839393616,grid_0.592635
0.8567428801857163,0,1.2514580078125,1.2512633463541667,0.005460904541849424,0.04533333333333334,0.8759999871253967,1.0,0.9980831742286682,1.2514580078125,1.2482962608337402,1.2481013536453247,0.006983884564494508,0.05078125,0.857421875,1.0,0.9974542856216431,1.2482962608337402,grid_0.856743
0.8567428801857163,200,1.0397854410807292,1.0396729329427083,0.008908941472513351,0.05366666666666664,0.8933333158493042,1.0,0.998503565788269,1.0397853597005209,1.0236287117004395,1.0235157012939453,0.011019781977873873,0.0556640625,0.904296875,1.0,0.9988471269607544,1.0236287117004395,grid_0.856743
0.8567428801857163,400,1.003809855143229,1.0037320556640625,0.00676400000118053,0.045999999999999985,0.9266666769981384,1.0,0.999255895614624,1.003809855143229,0.9854810237884521,0.98540198802948,0.006798486674598275,0.04443359375,0.955078125,1.0,0.9994546175003052,0.9854810237884521,grid_0.856743
0.8567428801857163,600,0.9937676798502604,0.9937066650390625,0.004969495997176424,0.03666666666666668,0.9480000138282776,0.9999999403953552,0.9995384216308594,0.9937677001953125,0.9734399914741516,0.9733782410621643,0.003423844332417038,0.02880859375,0.9765625,1.0,0.9999247789382935,0.9734399914741516,grid_0.856743
0.8567428801857163,800,0.9900428670247395,0.9899911295572916,0.0042764174826169015,0.03433333333333333,0.972000002861023,1.0,0.9997243881225586,0.9900428670247395,0.9679069519042969,0.9678547382354736,0.0015490526589184395,0.0224609375,0.955078125,1.0,0.9997154474258423,0.9679069519042969,grid_0.856743
0.8567428801857163,1000,0.9886377360026042,0.9885916137695312,0.0023477288082672035,0.029333333333333322,0.9706666469573975,1.0,0.9996729493141174,0.9886377360026042,0.9655066728591919,0.9654598236083984,0.0011381023489269216,0.02099609375,0.982421875,1.0,0.9998859167098999,0.9655066728591919,grid_0.856743
0.8567428801857163,1200,0.9878316650390625,0.9877890014648437,0.0024778601036346474,0.030000000000000027,0.972000002861023,1.0,0.9998505711555481,0.9878317057291667,0.9635154604911804,0.9634721279144287,0.0006799442175516038,0.0166015625,0.947265625,1.0,0.9994515180587769,0.9635154604911804,grid_0.856743
0.8567428801857163,1400,0.9880521647135416,0.9880117390950521,0.0022542802423303836,0.027666666666666673,0.9559999704360962,1.0,0.9996828436851501,0.9880522054036458,0.9623365998268127,0.962295413017273,0.0005998229416841306,0.01513671875,0.947265625,1.0,0.9995454549789429,0.9623365998268127,grid_0.856743
0.8567428801857163,1600,0.9891505940755209,0.9891117757161458,0.001954861258441895,0.02533333333333332,0.9679999947547913,1.0,0.9998547434806824,0.9891505940755209,0.9612725973129272,0.9612330198287964,0.0007337050580014234,0.017578125,0.9453125,1.0,0.9996019601821899,0.961272656917572,grid_0.856743
0.8567428801857163,1800,0.9895651041666667,0.9895275268554687,0.001764753772396385,0.02300000000000002,0.9800000190734863,1.0,0.9998331665992737,0.9895651041666667,0.9600723385810852,0.9600340127944946,0.001055671456303863,0.02001953125,0.951171875,1.0,0.9996713995933533,0.9600723385810852,grid_0.856743
0.8567428801857163,2000,0.9890879516601563,0.989051513671875,0.0016830588982373255,0.02400000000000002,0.9746666550636292,1.0,0.9997829794883728,0.9890879516601563,0.9598256349563599,0.9597883820533752,0.0015528233134588145,0.0244140625,0.97265625,1.0,0.9998739361763,0.9598256945610046,grid_0.856743
0.8567428801857163,2200,0.9897818196614583,0.9897462158203125,0.0017328380735600999,0.02366666666666667,0.9773333072662354,1.0,0.9997022151947021,0.9897818806966145,0.9583730697631836,0.9583367109298706,0.0008427090973869823,0.0185546875,0.96484375,1.0,0.999793291091919,0.9583730697631836,grid_0.856743
0.8567428801857163,2400,0.9895465494791666,0.98951171875,0.001632080749151516,0.023333333333333317,0.9706666469573975,1.0,0.9997140169143677,0.9895465494791666,0.9563018083572388,0.9562662243843079,0.0007792063124693558,0.01953125,0.95703125,1.0,0.9997241497039795,0.9563018083572388,grid_0.856743
0.8567428801857163,2600,0.9896487223307292,0.9896146850585937,0.0015140645289447431,0.02266666666666667,0.9693333506584167,1.0,0.9995254874229431,0.9896487426757813,0.9560753107070923,0.9560404419898987,0.0005666310318627482,0.0185546875,0.98828125,1.0,0.9999499320983887,0.9560753107070923,grid_0.856743
0.8567428801857163,2800,0.9905008138020833,0.9904674479166666,0.001573968864989195,0.024333333333333318,0.9706666469573975,1.0,0.9996431469917297,0.9905008138020833,0.9560424089431763,0.9560081958770752,0.0006689514324131957,0.01708984375,0.974609375,1.0,0.9998535513877869,0.9560424089431763,grid_0.856743
0.8567428801857163,3000,0.9909302164713542,0.9908975626627604,0.0015739140232402958,0.02300000000000002,0.9693333506584167,1.0,0.9995489120483398,0.9909302164713542,0.9556798934936523,0.9556463956832886,0.0008502903334539394,0.01953125,0.96484375,1.0,0.9997435808181763,0.9556798934936523,grid_0.856743
0.8567428801857163,3200,0.9913766682942708,0.991344482421875,0.0015275129357936105,0.02300000000000002,0.9653333425521851,1.0,0.9996054768562317,0.9913766682942708,0.9554930925369263,0.9554601311683655,0.0009659457594125543,0.021484375,0.966796875,1.0,0.999800443649292,0.955493152141571,grid_0.856743
0.8567428801857163,3400,0.9922135009765625,0.9921819254557291,0.001467887645044438,0.023333333333333317,0.9666666388511658,1.0,0.9996225237846375,0.9922135009765625,0.9537419676780701,0.953709602355957,0.00046540236948344646,0.0166015625,0.95703125,1.0,0.9997286796569824,0.9537419676780701,grid_0.856743
0.8567428801857163,3600,0.9922714436848958,0.9922403767903646,0.0015519571147956292,0.02366666666666667,0.9626666903495789,1.0,0.9996078014373779,0.9922714436848958,0.9533963203430176,0.9533644914627075,0.0007319259631547352,0.0205078125,0.966796875,1.0,0.9998170733451843,0.9533963203430176,grid_0.856743
0.8567428801857163,3800,0.9929949544270833,0.9929644571940104,0.0016595086405945029,0.02466666666666667,0.9546666741371155,1.0,0.9995800256729126,0.9929949544270833,0.9531609416007996,0.9531296491622925,0.0008349042944822741,0.01904296875,0.974609375,1.0,0.9998931884765625,0.9531609416007996,grid_0.856743
0.8567428801857163,4000,0.9930874430338542,0.9930574544270834,0.0019355903312473987,0.02566666666666667,0.9493333101272583,1.0,0.9995228052139282,0.9930874430338542,0.951678454875946,0.9516476392745972,0.000866171045022315,0.02197265625,0.962890625,1.0,0.9997813105583191,0.951678454875946,grid_0.856743
