A_cond_smax_over_smin,A_sval_0,A_sval_1,A_sval_2,A_sval_3,A_sval_max,A_sval_min,beta_gap_mean,beta_top2_gap_mean,beta_x_mean,cost_gap_mean,delta_A_mean_min_interexpert,n,oracle_class_mi_norm,oracle_usage_0,oracle_usage_1,oracle_usage_2,oracle_usage_3,oracle_usage_entropy_norm,posterior_acc,risk_margin_mean,risk_margin_p05,risk_route_class_mi_norm,risk_route_usage_0,risk_route_usage_1,risk_route_usage_2,risk_route_usage_3,risk_route_usage_entropy_norm,route_excess_p95,route_excess_vs_sample_oracle,step,t,teacher_entropy_sample_norm,teacher_usage_0,teacher_usage_1,teacher_usage_2,teacher_usage_3,teacher_usage_entropy_norm,top2_cost_gap_mean
2602.27392578125,0.6627157330513,0.0007882065838202834,0.0003863604797516018,0.0002546679461374879,0.6627157330513,0.0002546679461374879,0.10252752155065536,0.09927399456501007,80.0,0.0012815940426662564,7.259696576511487e-05,2048,0.04400653997350111,0.8974609375,0.0400390625,0.056640625,0.005859375,0.30200403928756714,0.7919921875,0.0014518453972414136,0.0008379034698009491,0.0,1.0,0.0,0.0,0.0,5.979470391048736e-11,0.0003199525235686451,4.374041600385681e-05,1,0.019999999552965164,0.9980541467666626,0.27562305331230164,0.2427094280719757,0.24314764142036438,0.23851987719535828,0.9987446069717407,0.0012409249320626259
1588.4215087890625,0.3771390914916992,0.0011613507522270083,0.00046615678002126515,0.00023743011115584522,0.3771390914916992,0.00023743011115584522,0.04620397090911865,0.03199848532676697,80.0,0.000577549624722451,9.310618042945862e-05,2048,0.10394890142393043,0.44921875,0.3447265625,0.103515625,0.1025390625,0.8619604706764221,0.78076171875,0.0002977395779453218,9.598713222658262e-05,0.5973645366320303,0.70263671875,0.29736328125,0.0,0.0,0.43902191519737244,0.0008923796704038978,0.00018734944751486182,1,0.2186666578054428,0.99937903881073,0.2564201354980469,0.25256675481796265,0.24154047667980194,0.24947263300418854,0.9998267292976379,0.00039998104330152273
1069.2174072265625,0.3166668713092804,0.0010590513702481985,0.0005125816096551716,0.0002961669524665922,0.3166668713092804,0.0002961669524665922,0.05229125916957855,0.04036097973585129,80.0,0.0006536407163366675,0.00012104809138691053,2048,0.166294127489836,0.1103515625,0.5009765625,0.38330078125,0.00537109375,0.7106217741966248,0.73095703125,0.0003248899010941386,7.607359293615445e-05,0.40175028458369244,0.0,0.6826171875,0.3173828125,0.0,0.4507562816143036,0.0011091501219198108,0.00022849446395412087,1,0.41733333468437195,0.9993882179260254,0.2458024024963379,0.2574794888496399,0.2542255222797394,0.24249257147312164,0.9997867345809937,0.0005045122234150767
739.8509521484375,0.2714484930038452,0.0010195366339758039,0.00046513378038071096,0.0003668961871881038,0.2714484930038452,0.0003668961871881038,0.05906558781862259,0.03853617236018181,80.0,0.000738319824449718,0.00021039825514890254,2048,0.1291514060608974,0.09765625,0.6044921875,0.2978515625,0.0,0.6435897946357727,0.60595703125,0.00029003300005570054,1.0535307410464156e-05,0.3665453560385103,0.0,0.8447265625,0.1552734375,0.0,0.3114406168460846,0.000920602586120367,0.00018813073984347284,1,0.6159999966621399,0.9991433024406433,0.2477225512266159,0.26160669326782227,0.2548138499259949,0.23585690557956696,0.9994737505912781,0.0004817021545022726
700.342041015625,0.24825051426887512,0.0009244577377103269,0.00037233048351481557,0.0003544703940860927,0.24825051426887512,0.0003544703940860927,0.0659746378660202,0.03815228119492531,80.0,0.0008246829966083169,0.0002675410360097885,2048,0.11527413921365974,0.060546875,0.6806640625,0.2587890625,0.0,0.5636985301971436,0.427734375,0.00032228510826826096,4.5158154534874484e-05,0.33255978151432763,0.0,0.9482421875,0.0517578125,0.0,0.14690880477428436,0.0006426579784601927,0.00011516581434989348,1,0.8146666288375854,0.9988420605659485,0.24715325236320496,0.2644383907318115,0.25680971145629883,0.2315986454486847,0.9991258978843689,0.00047690351493656635
823.3857421875,0.21366636455059052,0.0007714509847573936,0.0002791221486404538,0.000259497290244326,0.21366636455059052,0.000259497290244326,0.060529403388500214,0.03371332213282585,80.0,0.0007566175190731883,0.0002147551713278517,2048,0.09726928675995992,0.09716796875,0.74365234375,0.1591796875,0.0,0.5333017110824585,0.27099609375,0.00038587491144426167,0.00025572293088771403,0.0,0.0,1.0,0.0,0.0,5.979470391048736e-11,0.0004591971810441464,6.84616097714752e-05,1,1.0133333206176758,0.9989393949508667,0.2502807378768921,0.26383310556411743,0.2550281286239624,0.23085805773735046,0.9991499185562134,0.00042141650919802487
898.8834228515625,0.18805381655693054,0.0006357333622872829,0.00025207982980646193,0.00020920824317727238,0.18805381655693054,0.00020920824317727238,0.05536283552646637,0.031048038974404335,80.0,0.0006920354207977653,8.703079220140353e-05,2048,0.09171629517597873,0.12939453125,0.81005859375,0.060546875,0.0,0.4364362359046936,0.1884765625,0.00029436254408210516,0.0002715419977903366,0.0,0.0,1.0,0.0,0.0,5.979470391048736e-11,0.0003208646667189896,4.527669079834595e-05,1,1.2120000123977661,0.9990735054016113,0.25338271260261536,0.2629843056201935,0.252265602350235,0.23136736452579498,0.9992232322692871,0.0003881004813592881
1183.406494140625,0.1659930795431137,0.0004926800611428916,0.0001979883963940665,0.00014026717690285295,0.1659930795431137,0.00014026717690285295,0.04860151559114456,0.02599155716598034,80.0,0.000607518944889307,9.387023601448163e-05,2048,0.08753198084488993,0.14013671875,0.82177734375,0.0380859375,0.0,0.4047859311103821,0.13525390625,0.0002737744653131813,0.0002508523757569492,0.0,0.0,1.0,0.0,0.0,5.979470391048736e-11,0.00027070753276348114,3.631685831351206e-05,1,1.410666584968567,0.9992584586143494,0.25348424911499023,0.2614513635635376,0.2519857883453369,0.23307858407497406,0.9993677735328674,0.00032489447039552033
1057.55810546875,0.1420159935951233,0.0003862920857500285,0.00014869293954689056,0.00013428670354187489,0.1420159935951233,0.00013428670354187489,0.0442248173058033,0.020457133650779724,80.0,0.000552810204681009,0.00017196685075759888,2048,0.09989334028879016,0.24560546875,0.751953125,0.00244140625,0.0,0.41397446393966675,0.12939453125,7.939280476421118e-05,6.989641406107694e-05,0.0,0.0,1.0,0.0,0.0,5.979470391048736e-11,0.0003145636583212763,4.793045809492469e-05,1,1.6093333959579468,0.9993836879730225,0.2562909722328186,0.2601008117198944,0.24872995913028717,0.23487824201583862,0.9994590282440186,0.00025571417063474655
1488.697265625,0.12420690804719925,0.00031008096993900836,0.00012819984112866223,8.343328954651952e-05,0.12420690804719925,8.343328954651952e-05,0.04159381613135338,0.015192749910056591,80.0,0.0005199227016419172,8.708173845661804e-05,2048,0.08225741642597344,0.37353515625,0.62646484375,0.0,0.0,0.4766739010810852,0.11083984375,3.112301419605501e-05,5.814060386910569e-06,0.0555647946224426,0.93310546875,0.06689453125,0.0,0.0,0.1771131455898285,0.00040040083695203066,0.00011909439490409568,1,1.808000087738037,0.999478816986084,0.2577858567237854,0.25912219285964966,0.2458711713552475,0.23722076416015625,0.9995303153991699,0.00018990937678609043
1762.197998046875,0.11186940968036652,0.00021497710258699954,0.00011415152403060347,6.348288297886029e-05,0.11186940968036652,6.348288297886029e-05,0.03874121233820915,0.014149556867778301,80.0,0.0004842651542276144,0.00012610275007318705,2048,0.04489614574121983,0.7353515625,0.2646484375,0.0,0.0,0.4168401062488556,0.10302734375,0.0001842627243604511,0.00016942834190558642,0.0,1.0,0.0,0.0,0.0,5.979470391048736e-11,0.0001683957380009815,2.67380200966727e-05,1,2.006666660308838,0.9995548129081726,0.2591787576675415,0.25661468505859375,0.2459884136915207,0.23821814358234406,0.9995905160903931,0.0001768694637576118
2255.55419921875,0.09664860367774963,0.00015393385547213256,8.048800373217091e-05,4.284916212782264e-05,0.09664860367774963,4.284916212782264e-05,0.0397026352584362,0.0215759240090847,80.0,0.0004962829407304525,0.00022415361308958381,2048,0.1169920245882472,0.97607421875,0.02392578125,0.0,0.0,0.08147431164979935,0.10107421875,0.00033000489929690957,0.00031483397469855845,0.0,1.0,0.0,0.0,0.0,5.979470391048736e-11,0.0,1.0495609785721172e-06,1,2.2053332328796387,0.9996376633644104,0.2599852681159973,0.2544695734977722,0.2452230304479599,0.24032212793827057,0.9996593594551086,0.00026969905593432486
2755.74267578125,0.09549914300441742,0.00010246859164908528,8.095269731711596e-05,3.465459303697571e-05,0.09549914300441742,3.465459303697571e-05,0.04229036718606949,0.028051607310771942,80.0,0.0005286295781843364,0.00014161449507810175,2048,0.12844828623328203,0.998046875,0.001953125,0.0,0.0,0.010196567513048649,0.1025390625,0.00040624410030432045,0.00038639496779069304,0.0,1.0,0.0,0.0,0.0,5.979470391048736e-11,0.0,5.0665221351664513e-08,1,2.4040000438690186,0.9996507167816162,0.26068350672721863,0.2534657120704651,0.24431228637695312,0.24153846502304077,0.9996687769889832,0.00035064510302618146
4043.61083984375,0.0865321159362793,8.273369894595817e-05,4.848320168093778e-05,2.1399713659775443e-05,0.0865321159362793,2.1399713659775443e-05,0.054174311459064484,0.04632551968097687,80.0,0.0006771789048798382,2.0629819118767045e-05,2048,0.0,1.0,0.0,0.0,0.0,5.979470391048736e-11,0.10009765625,0.0006193105946294963,0.0006065185880288482,0.0,1.0,0.0,0.0,0.0,5.979470391048736e-11,0.0,0.0,1,2.6026666164398193,0.9995360970497131,0.26375776529312134,0.25181013345718384,0.2420860230922699,0.24234604835510254,0.999550461769104,0.0005790690192952752
5689.4697265625,0.08726593852043152,6.152178684715182e-05,4.37801681982819e-05,1.5338149751187302e-05,0.08726593852043152,1.5338149751187302e-05,0.04123707115650177,0.025970302522182465,80.0,0.0005154634127393365,7.070088759064674e-05,2048,0.0,1.0,0.0,0.0,0.0,5.979470391048736e-11,0.09814453125,0.0003487944486550987,0.0003409411874599755,0.0,1.0,0.0,0.0,0.0,5.979470391048736e-11,0.0,0.0,1,2.801333427429199,0.9996657371520996,0.2604125738143921,0.25372958183288574,0.24225015938282013,0.24360764026641846,0.9996786713600159,0.0003246287815272808
8839.40625,0.09137095510959625,3.723756526596844e-05,3.3666314266156405e-05,1.0336775631003547e-05,0.09137095510959625,1.0336775631003547e-05,0.040221359580755234,0.015761876478791237,80.0,0.0005027669831179082,0.00014494573406409472,2048,0.026756170194787092,0.98388671875,0.01611328125,0.0,0.0,0.059511300176382065,0.0986328125,0.00021219401969574392,0.00020518657402135432,0.0,1.0,0.0,0.0,0.0,5.979470391048736e-11,0.0,4.5687693273066543e-07,1,3.0,0.9995937347412109,0.26011165976524353,0.2560563087463379,0.24051938951015472,0.24331261217594147,0.9996054768562317,0.0001970234588952735
3193950.75,0.5337306261062622,4.843955139222089e-07,3.178081726673554e-07,1.6710671957298473e-07,0.5337306261062622,1.6710671957298473e-07,8.930997864808887e-05,6.136520823929459e-05,80.0,1.116374733101111e-06,4.395842623239332e-08,2048,0.008865827285295403,0.283203125,0.26611328125,0.2734375,0.17724609375,0.988831639289856,0.79345703125,5.7138095144182444e-08,7.450580596923828e-09,0.5328643089729951,0.59716796875,0.0869140625,0.0810546875,0.23486328125,0.7675930261611938,3.124028808088042e-06,9.906580089591444e-07,6000,0.019999999552965164,1.0,0.25000256299972534,0.25000089406967163,0.24999749660491943,0.2499990165233612,1.0,7.670651029911824e-07
6298436.5,0.22719867527484894,1.7890515380258876e-07,7.75457920099143e-08,3.607223320045705e-08,0.22719867527484894,3.607223320045705e-08,3.5455814213491976e-05,2.5050521799130365e-05,80.0,4.431976776686497e-07,1.415610295651959e-08,2048,0.008024729486501582,0.19189453125,0.26953125,0.333984375,0.20458984375,0.9817944169044495,0.78466796875,2.203705662395805e-08,0.0,0.565556628938469,0.0,0.23583984375,0.5166015625,0.24755859375,0.7411990165710449,1.3634562492370605e-06,3.9994483813643456e-07,6000,0.2186666578054428,1.0,0.24999938905239105,0.2499997615814209,0.25000035762786865,0.250000536441803,1.0,3.1313152248912957e-07
5891951.5,0.17914919555187225,9.69773310544042e-08,7.451878047959326e-08,3.04057472533259e-08,0.17914919555187225,3.04057472533259e-08,2.6002035156125203e-05,1.8282262317370623e-05,80.0,3.2502543945156503e-07,9.87201964619544e-09,2048,0.008951174664112454,0.16796875,0.2841796875,0.33203125,0.2158203125,0.9768380522727966,0.7265625,1.4005308912601322e-08,3.725290298461914e-09,0.4224673212616609,0.0,0.24267578125,0.07958984375,0.677734375,0.5833580493927002,9.138138921116479e-07,2.972774382214993e-07,6000,0.41733333468437195,1.0,0.24999898672103882,0.2500002384185791,0.2500001788139343,0.25000059604644775,1.0,2.285282789671328e-07
5616100.5,0.15460290014743805,1.3193434256209002e-07,6.742070723930738e-08,2.7528514578989416e-08,0.15460290014743805,2.7528514578989416e-08,2.1646892491844483e-05,1.4870211089146324e-05,80.0,2.7058615614805603e-07,5.9604645663569045e-09,2048,0.010289947557992063,0.22119140625,0.263671875,0.30224609375,0.212890625,0.9927066564559937,0.5986328125,1.629223334020935e-08,1.862645149230957e-09,0.3844979721118882,0.01318359375,0.4990234375,0.39306640625,0.0947265625,0.7171819806098938,7.8910966294643e-07,2.5072313292184845e-07,6000,0.6159999966621399,1.0,0.2499997466802597,0.2500001788139343,0.2500000596046448,0.2500000596046448,1.0,1.8587763861432904e-07
2093514.125,0.13475170731544495,1.0136074024558184e-07,9.702274894607399e-08,6.436627586481336e-08,0.13475170731544495,6.436627586481336e-08,1.8486785847926512e-05,1.2765381143253762e-05,80.0,2.3108481173039763e-07,6.798654972328677e-09,2048,0.015690236842746192,0.248046875,0.22119140625,0.3173828125,0.21337890625,0.9906811118125916,0.42578125,1.6713329387130216e-08,1.862645149230957e-09,0.22206930152754176,0.20947265625,0.0048828125,0.74853515625,0.037109375,0.4995070695877075,6.773509539925726e-07,2.1154448859306285e-07,6000,0.8146666288375854,1.0,0.24999992549419403,0.24999985098838806,0.25000035762786865,0.24999988079071045,1.0,1.5956726429067203e-07
3193354.25,0.11681652069091797,1.362251538239434e-07,5.3642711606016746e-08,3.658113456594947e-08,0.11681652069091797,3.658113456594947e-08,1.594280547578819e-05,1.0918602129095234e-05,80.0,1.992850684473524e-07,9.592622696175113e-09,2048,0.011153599263256968,0.21875,0.22412109375,0.30712890625,0.25,0.9931410551071167,0.26708984375,1.3661065167980269e-08,1.862645149230957e-09,0.19214259672865105,0.52099609375,0.0390625,0.40673828125,0.033203125,0.6819013357162476,6.084330834710272e-07,2.0228310404490912e-07,6000,1.0133333206176758,1.0,0.24999958276748657,0.24999988079071045,0.2500004172325134,0.2500001788139343,1.0,1.3648252661369042e-07
2554077.5,0.0954316034913063,1.1588171133780634e-07,5.3211469008829226e-08,3.736441200885565e-08,0.0954316034913063,3.736441200885565e-08,1.2564260032377206e-05,8.505139703629538e-06,80.0,1.5705325040471507e-07,8.475035784272222e-09,2048,0.020720356734774632,0.26123046875,0.19091796875,0.29736328125,0.25048828125,0.9912834763526917,0.189453125,2.4186647351598367e-08,1.862645149230957e-09,0.11827163756511941,0.80078125,0.0,0.17919921875,0.02001953125,0.4070523679256439,4.823320978175616e-07,1.575908754603006e-07,6000,1.2120000123977661,1.0,0.24999982118606567,0.2499997913837433,0.2500002980232239,0.25000011920928955,1.0,1.0631424629536923e-07
2262620.25,0.07476774603128433,9.384182675375996e-08,4.94571388287568e-08,3.304475981735777e-08,0.07476774603128433,3.304475981735777e-08,1.0090452633448876e-05,6.823624971730169e-06,80.0,1.2613065791811096e-07,4.7497450417210985e-09,2048,0.01331220891946121,0.23583984375,0.19970703125,0.318359375,0.24609375,0.9895614981651306,0.14501953125,9.132236300501972e-09,9.313225746154785e-10,0.12718518309647645,0.54443359375,0.0,0.455078125,0.00048828125,0.49990853667259216,3.7499705740628997e-07,1.2185830655653263e-07,6000,1.410666584968567,1.0,0.24999967217445374,0.24999983608722687,0.25000035762786865,0.25000014901161194,1.0,8.529531214662711e-08
2165586.0,0.05654018372297287,1.6259919277672452e-07,3.7765172322679064e-08,2.6108491368859177e-08,0.05654018372297287,2.6108491368859177e-08,9.195059647026937e-06,6.1809214457753114e-06,80.0,1.1493824558783672e-07,1.2759119094596372e-08,2048,0.02469158296701321,0.20654296875,0.162109375,0.26416015625,0.3671875,0.9667884111404419,0.126953125,7.439666660502553e-09,9.313225746154785e-10,0.10573864708615417,0.0,0.0,0.25390625,0.74609375,0.4087054133415222,3.025168666681566e-07,9.04852299754566e-08,6000,1.6093333959579468,1.0,0.24999922513961792,0.24999986588954926,0.25000035762786865,0.25000056624412537,1.0,7.726151807219139e-08
1712008.625,0.04110120236873627,1.1356110718452328e-07,4.253689311894959e-08,2.4007590582186822e-08,0.04110120236873627,2.4007590582186822e-08,6.811997081968002e-06,4.445637387107126e-06,80.0,8.514996352460003e-08,4.563480704433687e-09,2048,0.030538085988702796,0.19140625,0.173828125,0.30078125,0.333984375,0.9725393652915955,0.1103515625,6.664777174592018e-09,9.313225746154785e-10,0.06745627278775208,0.0,0.0,0.208984375,0.791015625,0.3697684705257416,2.3141041083363234e-07,6.705317900923546e-08,6000,1.808000087738037,1.0,0.24999935925006866,0.24999994039535522,0.2500002980232239,0.25000038743019104,0.9999999403953552,5.557046733883908e-08
1963261.5,0.029061660170555115,1.1015069389941345e-07,3.291918915238057e-08,1.4802745695874364e-08,0.029061660170555115,1.4802745695874364e-08,5.2868699640384875e-06,3.387922333786264e-06,80.0,6.60858745504811e-08,6.589107481858036e-09,2048,0.03386377843889015,0.20556640625,0.16357421875,0.34814453125,0.28271484375,0.9708263874053955,0.107421875,7.240487320814282e-09,9.313225746154785e-10,0.04931346600855363,0.0,0.0,0.17333984375,0.82666015625,0.33264410495758057,1.7429704257665435e-07,5.4044278385845246e-08,6000,2.006666660308838,1.0,0.2499994933605194,0.24999992549419403,0.25000035762786865,0.2500002086162567,1.0,4.23490291723283e-08
2036034.375,0.020361915230751038,9.733074080031656e-08,3.0177165655231875e-08,1.000077176627201e-08,0.020361915230751038,1.000077176627201e-08,4.405906111060176e-06,2.774568201857619e-06,80.0,5.50738263882522e-08,5.727633922703035e-09,2048,0.040566011430142365,0.17041015625,0.1494140625,0.2958984375,0.38427734375,0.9474440813064575,0.10302734375,1.5165824152063578e-09,0.0,0.028472857042974743,0.0,0.0,0.7666015625,0.2333984375,0.3919443190097809,1.2898817658424377e-07,4.066691872139927e-08,6000,2.2053332328796387,1.0,0.24999937415122986,0.24999994039535522,0.2500002980232239,0.2500004172325134,1.0,3.468210252322024e-08
1793765.625,0.014074946753680706,8.88060824877357e-08,2.0020417323962647e-08,7.846591820737103e-09,0.014074946753680706,7.846591820737103e-09,3.484794888208853e-06,2.1584241949312855e-06,80.0,4.3559936102610664e-08,5.320180296308763e-09,2048,0.04956800641364247,0.169921875,0.12841796875,0.31103515625,0.390625,0.9342735409736633,0.10205078125,2.5364670364069752e-09,9.313225746154785e-10,0.17858964517846332,0.0,0.0,0.998046875,0.001953125,0.010196567513048649,9.844661974511837e-08,2.992754843944567e-08,6000,2.4040000438690186,1.0,0.24999947845935822,0.24999994039535522,0.2500002980232239,0.25000032782554626,1.0,2.6980302436641068e-08
1723117.5,0.009794134646654129,1.3381351493535476e-07,1.8805799584242777e-08,5.68396218980638e-09,0.009794134646654129,5.68396218980638e-09,4.490848368732259e-06,2.629924438224407e-06,80.0,5.6135604609153233e-08,1.6891863907630977e-08,2048,0.08094822296043587,0.1142578125,0.07421875,0.2001953125,0.611328125,0.7673240900039673,0.10205078125,4.707715106633259e-09,2.9103830456733704e-09,0.0,0.0,0.0,0.0,1.0,5.979470391048736e-11,9.110664223044296e-08,1.7087700143747497e-08,6000,2.6026666164398193,1.0,0.24999895691871643,0.24999985098838806,0.2500004172325134,0.2500007748603821,1.0,3.2874055477805086e-08
717398.1875,0.006699782330542803,3.105526502622524e-08,1.127945203904801e-08,9.339000683894483e-09,0.006699782330542803,9.339000683894483e-09,1.7940965335583314e-06,1.1849624570459127e-06,80.0,2.2426206669479143e-08,2.1420418772066796e-09,2048,0.04355467754058334,0.16845703125,0.1513671875,0.37939453125,0.30078125,0.9484811425209045,0.099609375,5.888011855859077e-09,4.889443516731262e-09,0.0,0.0,0.0,1.0,0.0,5.979470391048736e-11,5.2619725465774536e-08,1.4618038335356687e-08,6000,2.801333427429199,1.0,0.24999982118606567,0.24999994039535522,0.2500001788139343,0.25000011920928955,1.0,1.481203071307391e-08
951012.8125,0.004571598954498768,3.5240532270108815e-08,1.3299652046327992e-08,4.807084508229309e-09,0.004571598954498768,4.807084508229309e-09,1.7001275409711525e-06,1.2784255432052305e-06,80.0,2.1251594262139406e-08,1.647276870464509e-09,2048,0.06878413657076712,0.26220703125,0.1455078125,0.49365234375,0.0986328125,0.8716871738433838,0.09814453125,1.7369075067108497e-09,1.7462298274040222e-10,0.025181531743013758,0.001953125,0.267578125,0.73046875,0.0,0.4287412762641907,5.678739967152069e-08,1.5735295733065868e-08,6000,3.0,1.0,0.2499999701976776,0.24999994039535522,0.2500001788139343,0.24999991059303284,1.0,1.598031929006538e-08
55032448.0,0.5275759100914001,3.667889458824902e-08,1.0969313457565022e-08,9.586633709091075e-09,0.5275759100914001,9.586633709091075e-09,3.640088834799826e-06,2.8958311304450035e-06,80.0,4.550111043499783e-08,0.0,2048,0.008568894881379647,0.32568359375,0.265625,0.38525390625,0.0234375,0.8460963368415833,0.7958984375,2.4047039914876223e-09,0.0,0.5311176252695562,0.20458984375,0.380859375,0.41455078125,0.0,0.7626968622207642,1.4156103134155273e-07,4.0751729102339596e-08,12000,0.019999999552965164,1.0,0.24999985098838806,0.2499999850988388,0.25000014901161194,0.2500000596046448,1.0,3.6197889130562544e-08
43910624.0,0.22225184738636017,2.4758277206160528e-08,8.253982386463576e-09,5.0614596958098446e-09,0.22225184738636017,5.0614596958098446e-09,1.3213684724178165e-06,1.0154690244235098e-06,80.0,1.6517105905222706e-08,0.0,2048,0.009123456965330942,0.345703125,0.28125,0.3486328125,0.0244140625,0.8526129126548767,0.78271484375,1.5525074559263885e-09,0.0,0.4920484793492738,0.60791015625,0.3916015625,0.0,0.00048828125,0.48577526211738586,5.21540641784668e-08,1.5839532352401875e-08,12000,0.2186666578054428,1.0,0.25,0.25,0.25,0.25,1.0,1.2693362805293873e-08
49137400.0,0.17609168589115143,9.910125164935835e-09,4.95875784878308e-09,3.583659147210483e-09,0.17609168589115143,3.583659147210483e-09,9.215000318363309e-07,7.196649676188827e-07,80.0,1.1518750397954136e-08,0.0,2048,0.00794464355478168,0.33251953125,0.30322265625,0.34033203125,0.02392578125,0.854137659072876,0.7275390625,7.457856554538012e-10,0.0,0.40914584115453806,0.43115234375,0.56884765625,0.0,0.0,0.4931398630142212,3.5390257835388184e-08,1.1111069397884421e-08,12000,0.41733333468437195,1.0,0.2499999850988388,0.25,0.25,0.25,1.0,8.995812095236033e-09
146517744.0,0.15139926970005035,1.4837429951342074e-08,4.460422253771412e-09,1.0333169875309522e-09,0.15139926970005035,1.0333169875309522e-09,7.489870768040419e-07,5.85941961617209e-07,80.0,9.362338460050523e-09,1.8626451769865326e-10,2048,0.011618273131395636,0.31689453125,0.302734375,0.35107421875,0.029296875,0.8633257150650024,0.607421875,3.128661774098873e-10,0.0,0.2833652366331112,0.07470703125,0.748046875,0.173828125,0.00341796875,0.5298358798027039,2.9802322387695312e-08,8.464667189400643e-09,12000,0.6159999966621399,1.0,0.2499999850988388,0.25,0.25,0.25,1.0,7.324274520215113e-09
42251075584.0,0.13110721111297607,5.297059679776339e-09,3.5223149397189957e-10,3.103050368741256e-12,0.13110721111297607,3.103050368741256e-12,6.034861144144088e-07,4.641515261027962e-07,80.0,7.54357643018011e-09,0.0,2048,0.012895200597165132,0.2822265625,0.29541015625,0.38720703125,0.03515625,0.8672989010810852,0.40625,3.319655661471188e-10,0.0,0.21650521192626743,0.0986328125,0.5107421875,0.35498046875,0.03564453125,0.7632766366004944,2.421438694000244e-08,6.9796897150808945e-09,12000,0.8146666288375854,1.0,0.2499999701976776,0.25,0.25,0.25,1.0,5.8018940762849525e-09
114700427264.0,0.11470042914152145,6.116401163325236e-09,3.4596589482127627e-10,1.6765851673563453e-14,0.11470042914152145,1.6765851673563453e-14,4.744015313917771e-07,3.6335222830530256e-07,80.0,5.930019142397214e-09,0.0,2048,0.009316197598773097,0.27392578125,0.2861328125,0.39501953125,0.044921875,0.8793448209762573,0.2763671875,5.138645065017045e-10,0.0,0.15139487898607865,0.05712890625,0.50146484375,0.19970703125,0.24169921875,0.847285270690918,1.862645149230957e-08,5.989363671687897e-09,12000,1.0133333206176758,1.0,0.2499999701976776,0.25,0.25,0.25,1.0,4.541902853816282e-09
65592148.0,0.09420128166675568,5.60393242921009e-09,3.071836118806459e-09,1.4361670741536159e-09,0.09420128166675568,1.4361670741536159e-09,3.640298018581234e-07,2.772276275209151e-07,80.0,4.550372523226542e-09,0.0,2048,0.013884340405529388,0.2587890625,0.2822265625,0.42138671875,0.03759765625,0.8615489602088928,0.1904296875,1.0932126315310597e-09,0.0,0.0614324037375935,0.0,0.1416015625,0.8583984375,0.0,0.29420891404151917,1.4901161193847656e-08,3.736658982234076e-09,12000,1.2120000123977661,1.0,0.2499999701976776,0.25,0.25,0.25,1.0,3.465345344011439e-09
41732404.0,0.07482888549566269,4.6231503070259805e-09,2.1318380394319547e-09,1.7930643636532295e-09,0.07482888549566269,1.7930643636532295e-09,2.904926077462733e-07,2.2152562451083213e-07,80.0,3.631157596828416e-09,4.6566129424663316e-11,2048,0.016213949603638544,0.25048828125,0.26611328125,0.4423828125,0.041015625,0.8590134382247925,0.14501953125,1.9158505892846733e-09,9.313225746154785e-10,0.0,0.0,0.0,1.0,0.0,5.979470391048736e-11,1.0244548320770264e-08,2.5326016839244403e-09,12000,1.410666584968567,1.0,0.2499999701976776,0.25,0.25,0.25,1.0,2.7690703063854016e-09
49442620.0,0.056449044495821,3.261920511477001e-09,2.759194650536756e-09,1.1417081724474087e-09,0.056449044495821,1.1417081724474087e-09,2.335400495212525e-07,1.7784714145818725e-07,80.0,2.9192506190156564e-09,9.313225884932663e-11,2048,0.025350041549159805,0.24560546875,0.2724609375,0.431640625,0.05029296875,0.8743638396263123,0.12158203125,1.135504135163501e-09,9.313225746154785e-10,0.0,0.0,0.0,1.0,0.0,5.979470391048736e-11,8.381903171539307e-09,2.0635866349039134e-09,12000,1.6093333959579468,1.0,0.2499999701976776,0.25,0.25,0.25,1.0,2.2230892682273407e-09
53301864.0,0.040476761758327484,3.872214104916338e-09,1.3425648370812837e-09,7.593873863065426e-10,0.040476761758327484,7.593873863065426e-10,1.7957972886506468e-07,1.364924173685722e-07,80.0,2.2447466108133085e-09,9.313225884932663e-11,2048,0.0316965095804951,0.2763671875,0.240234375,0.421875,0.0615234375,0.8899039030075073,0.111328125,1.7075763025786728e-10,0.0,0.007520141529192643,0.0,0.04443359375,0.95556640625,0.0,0.1311315894126892,6.51925802230835e-09,1.6846115613589063e-09,12000,1.808000087738037,1.0,0.25,0.25,0.25,0.25,1.0,1.7061552171071526e-09
44553288.0,0.028877513483166695,2.0254933286167898e-09,1.3133162335421389e-09,6.48156750493456e-10,0.028877513483166695,6.48156750493456e-10,1.4618308341596276e-07,1.1186784831807017e-07,80.0,1.8272885426995344e-09,6.984919587171845e-11,2048,0.04414981694186483,0.30224609375,0.25927734375,0.38916015625,0.04931640625,0.8853256702423096,0.11083984375,8.230927051045e-11,0.0,0.02186252767399474,0.0,0.099609375,0.884765625,0.015625,0.2907431125640869,5.3551048040390015e-09,1.4767920220037922e-09,12000,2.006666660308838,1.0,0.25,0.25,0.25,0.25,1.0,1.3983481039758772e-09
23467418.0,0.0201356653124094,2.244081365176953e-09,1.103482305531145e-09,8.580264831969941e-10,0.0201356653124094,8.580264831969941e-10,1.1303200153633952e-07,8.663164408062585e-08,80.0,1.412900019204244e-09,9.313225884932663e-11,2048,0.051727761902941566,0.3515625,0.23291015625,0.361328125,0.05419921875,0.8892067074775696,0.1064453125,1.439275365555659e-10,0.0,0.037398088393387825,0.0009765625,0.54931640625,0.44287109375,0.0068359375,0.5270474553108215,4.190951585769653e-09,1.3264127574075246e-09,12000,2.2053332328796387,1.0,0.25,0.25,0.25,0.25,1.0,1.082895551007823e-09
46616396.0,0.013897011987864971,1.8708594673455536e-09,5.46478640117698e-10,2.9811425550363424e-10,0.013897011987864971,2.9811425550363424e-10,8.799815987003967e-08,6.649315764661878e-08,80.0,1.0999769983754959e-09,6.984919587171845e-11,2048,0.05355724617428317,0.33447265625,0.2646484375,0.34326171875,0.0576171875,0.9013944268226624,0.1005859375,4.135927156312391e-10,2.3283064365386963e-10,0.014236714133044575,0.0,0.0283203125,0.9716796875,0.0,0.0929485410451889,3.3760443329811096e-09,9.893028618535027e-10,12000,2.4040000438690186,1.0,0.25,0.25,0.25,0.25,1.0,8.311644705827348e-10
37991016.0,0.009520496241748333,1.2298803087062993e-09,3.1008642875640646e-10,2.50598625184395e-10,0.009520496241748333,2.50598625184395e-10,6.908521754667163e-08,5.2355062507558614e-08,80.0,8.635652193333954e-10,5.820766091346741e-11,2048,0.054103877253553236,0.38623046875,0.25732421875,0.296875,0.0595703125,0.8982853293418884,0.1025390625,1.1101519703515805e-10,0.0,0.013076495910781404,0.00048828125,0.314453125,0.68505859375,0.0,0.4520282745361328,2.5989734808717913e-09,8.789982075541047e-10,12000,2.6026666164398193,1.0,0.25,0.25,0.25,0.25,1.0,6.544382813444827e-10
32259344.0,0.006542352493852377,1.038471308945077e-09,2.882033223183811e-10,2.028048839974872e-10,0.006542352493852377,2.028048839974872e-10,5.6490989663871005e-08,4.210960469208658e-08,80.0,7.061373707983876e-10,6.402842839259293e-11,2048,0.05221471139412568,0.40869140625,0.28271484375,0.25244140625,0.05615234375,0.8887428641319275,0.09765625,4.030198397231288e-11,0.0,0.005119194556690588,0.71142578125,0.21435546875,0.07421875,0.0,0.5521091818809509,2.153683453798294e-09,6.133404895081185e-10,12000,2.801333427429199,1.0,0.25,0.25,0.25,0.25,1.0,5.263700586510822e-10
25111882.0,0.004726899787783623,7.399474366565073e-10,4.797181540894258e-10,1.8823359537734063e-10,0.004726899787783623,1.8823359537734063e-10,4.745629667013418e-08,3.284412741777487e-08,80.0,5.932037083766772e-10,4.0745361945537795e-11,2048,0.026958784217982333,0.23583984375,0.3896484375,0.251953125,0.12255859375,0.9467929601669312,0.09912109375,7.392486622848082e-11,0.0,0.03947266189787861,0.0,0.98583984375,0.0,0.01416015625,0.053627707064151764,1.3969838619232178e-09,3.82982534574694e-10,12000,3.0,1.0,0.25,0.25,0.25,0.25,1.0,4.105515927221859e-10
96387472.0,0.52175372838974,1.5580399193027006e-08,5.9743290314884234e-09,5.413086423544655e-09,0.52175372838974,5.413086423544655e-09,3.187597030773759e-07,2.3748725652694702e-07,80.0,3.984496288467199e-09,0.0,2048,0.007515078395752047,0.55078125,0.2626953125,0.130859375,0.0556640625,0.7982124090194702,0.7958984375,8.021743269637227e-10,0.0,0.5654190448186794,0.89208984375,0.10791015625,0.0,0.0,0.24678999185562134,1.4901161193847656e-08,4.484718374442309e-09,18000,0.019999999552965164,1.0,0.2499999850988388,0.25,0.25,0.25,1.0,2.9685907065868378e-09
96026640.0,0.22316940128803253,7.607645180485179e-09,4.241653694947445e-09,2.324036296741383e-09,0.22316940128803253,2.324036296741383e-09,1.6283593140542507e-07,1.1610609362833202e-07,80.0,2.0354491425678134e-09,0.0,2048,0.00910197768456056,0.53662109375,0.2841796875,0.11328125,0.06591796875,0.8061303496360779,0.7861328125,3.6561687011271715e-10,0.0,0.45805201093813785,0.7119140625,0.2880859375,0.0,0.0,0.43311792612075806,7.450580596923828e-09,1.979287844733335e-09,18000,0.2186666578054428,1.0,0.25,0.25,0.25,0.25,1.0,1.4513261703541502e-09
114565256.0,0.17344777286052704,1.1394065246861373e-08,2.5863042818485837e-09,1.5139648423811991e-09,0.17344777286052704,1.5139648423811991e-09,1.3645149010699242e-07,1.0302755981683731e-07,80.0,1.7056436263374053e-09,0.0,2048,0.010034382970739606,0.5576171875,0.236328125,0.10498046875,0.10107421875,0.8186442255973816,0.72900390625,0.0,0.0,0.0,1.0,0.0,0.0,0.0,5.979470391048736e-11,5.587935447692871e-09,1.5093064575921744e-09,18000,0.41733333468437195,1.0,0.25,0.25,0.25,0.25,1.0,1.2878444977104664e-09
150774824960.0,0.15077482163906097,1.223073109457573e-08,2.2801203147793103e-09,8.039957114240777e-15,0.15077482163906097,8.039957114240777e-15,1.1481461115181446e-07,8.388269634451717e-08,80.0,1.4351826393976808e-09,0.0,2048,0.01139928015234028,0.5361328125,0.27880859375,0.11279296875,0.072265625,0.8124693632125854,0.6064453125,1.3915268937125802e-10,0.0,0.43857323373248763,0.7822265625,0.14306640625,0.0,0.07470703125,0.4790554344654083,5.587935447692871e-09,1.4065335562918335e-09,18000,0.6159999966621399,1.0,0.25,0.25,0.25,0.25,1.0,1.0485337043064646e-09
97203784.0,0.13079886138439178,4.775312589799796e-09,2.752752692458671e-09,1.3456149527968364e-09,0.13079886138439178,1.3456149527968364e-09,1.005082594929263e-07,7.363269105553627e-08,80.0,1.2563532436615787e-09,0.0,2048,0.012273574795125966,0.52783203125,0.26904296875,0.11669921875,0.08642578125,0.8315650224685669,0.40380859375,7.912603905424476e-11,0.0,0.19292458847699936,0.77978515625,0.00341796875,0.1904296875,0.0263671875,0.4508816599845886,3.725290298461914e-09,1.2445298125385307e-09,18000,0.8146666288375854,1.0,0.25,0.25,0.25,0.25,1.0,9.204086381942034e-10
177379472.0,0.11247844249010086,7.403798463201383e-09,1.3987252467373423e-09,6.341119296315867e-10,0.11247844249010086,6.341119296315867e-10,8.960796549217775e-08,6.134087016107515e-08,80.0,1.120099568652222e-09,0.0,2048,0.012064643010347367,0.50537109375,0.2998046875,0.1162109375,0.07861328125,0.833953857421875,0.271484375,1.5052137314341962e-10,0.0,0.14954159833113312,0.37939453125,0.529296875,0.0126953125,0.07861328125,0.6923548579216003,3.725290298461914e-09,1.0620055945764761e-09,18000,1.0133333206176758,1.0,0.25,0.25,0.25,0.25,1.0,7.667608770134393e-10
105820176.0,0.09366047382354736,5.0521093974964515e-09,2.0578232451384793e-09,8.850908894686427e-10,0.09366047382354736,8.850908894686427e-10,8.113602234516293e-08,5.655238055624068e-08,80.0,1.0142002793145366e-09,0.0,2048,0.019622606304391627,0.50390625,0.287109375,0.125,0.083984375,0.8451387286186218,0.19287109375,1.418811734765768e-10,0.0,0.20637357179075308,0.9267578125,0.02197265625,0.05126953125,0.0,0.22122783958911896,3.725290298461914e-09,9.821405910770409e-10,18000,1.2120000123977661,1.0,0.25,0.25,0.25,0.25,1.0,7.069047569530085e-10
106305528.0,0.0731152817606926,2.919722241756517e-09,1.4798645642244423e-09,6.877843850006116e-10,0.0731152817606926,6.877843850006116e-10,6.733444024575874e-08,4.747107595903799e-08,80.0,8.416805030719843e-10,0.0,2048,0.014960200060451794,0.48095703125,0.2998046875,0.13330078125,0.0859375,0.8603688478469849,0.14599609375,4.547473508864641e-13,0.0,0.10569414985022345,0.97705078125,0.02294921875,0.0,0.0,0.07884689420461655,2.7939677238464355e-09,8.614620128355455e-10,18000,1.410666584968567,1.0,0.25,0.25,0.25,0.25,1.0,5.933884494879749e-10
72621048.0,0.05560429394245148,1.3685683697417517e-09,8.2819090474473e-10,7.656774103637076e-10,0.05560429394245148,7.656774103637076e-10,5.761194188380614e-08,4.00359567720443e-08,80.0,7.201492735475767e-10,0.0,2048,0.016390892819579863,0.4765625,0.3115234375,0.1484375,0.0634765625,0.8473665118217468,0.1279296875,1.1368683772161603e-11,0.0,0.06134621778222252,0.96923828125,0.01904296875,0.01171875,0.0,0.1138446033000946,2.7939677238464355e-09,7.107132660166826e-10,18000,1.6093333959579468,1.0,0.25,0.25,0.25,0.25,1.0,5.004494596505538e-10
63062244.0,0.04036545753479004,2.1187471777039946e-09,9.633086550664416e-10,6.400891483515636e-10,0.04036545753479004,6.400891483515636e-10,4.927642294205725e-08,3.581135388230905e-08,80.0,6.159552867757156e-10,0.0,2048,0.019233345706185595,0.42333984375,0.3388671875,0.16015625,0.07763671875,0.8817455768585205,0.11181640625,4.019966581836343e-10,0.0,0.038117921149193205,0.1552734375,0.84375,0.0009765625,0.0,0.316908597946167,1.862645149230957e-09,5.400124791776761e-10,18000,1.808000087738037,1.0,0.25,0.25,0.25,0.25,1.0,4.476419235288631e-10
78981040.0,0.028655512258410454,1.41103106976459e-09,7.64073082581973e-10,3.628150835321975e-10,0.028655512258410454,3.628150835321975e-10,4.012235876871273e-08,2.7844180294778198e-08,80.0,5.015294846089091e-10,0.0,2048,0.02726279988175819,0.39111328125,0.35205078125,0.1630859375,0.09375,0.903390645980835,0.10498046875,2.4101609596982598e-11,0.0,0.025124239009097705,0.94140625,0.05517578125,0.00341796875,0.0,0.17031680047512054,1.862645149230957e-09,5.556444193643983e-10,18000,2.006666660308838,1.0,0.25,0.25,0.25,0.25,1.0,3.480522536847275e-10
55245056.0,0.02016521245241165,1.1943148692239447e-09,5.527726054666005e-10,3.650138802324676e-10,0.02016521245241165,3.650138802324676e-10,3.311470209155232e-08,2.3323991626966745e-08,80.0,4.1393377614440396e-10,0.0,2048,0.024895404462016418,0.3525390625,0.380859375,0.15771484375,0.10888671875,0.9146345257759094,0.103515625,3.660716174636036e-11,0.0,0.015016643868400287,0.0693359375,0.0908203125,0.7626953125,0.0771484375,0.5822553634643555,1.1641532182693481e-09,4.0023451219894923e-10,18000,2.2053332328796387,1.0,0.25,0.25,0.25,0.25,1.0,2.915498953370843e-10
49943508.0,0.0139826824888587,1.2920235992197604e-09,4.3095607638043987e-10,2.7996996387891215e-10,0.0139826824888587,2.7996996387891215e-10,2.7998794394079596e-08,1.9708750187419355e-08,80.0,3.4998492992599495e-10,2.3283064712331658e-11,2048,0.01904275686601277,0.29736328125,0.41943359375,0.16943359375,0.11376953125,0.9183828830718994,0.1025390625,1.9656454242067412e-10,0.0,0.013426312315197302,0.134765625,0.85888671875,0.00634765625,0.0,0.3122490346431732,9.313225746154785e-10,2.6051338863908313e-10,18000,2.4040000438690186,1.0,0.25,0.25,0.25,0.25,1.0,2.4635937734274194e-10
102096280.0,0.009643670171499252,7.071063179431292e-10,3.2474031796958513e-10,9.445663001761417e-11,0.009643670171499252,9.445663001761417e-11,2.429942469461821e-08,1.701891960692592e-08,80.0,3.0374280868272763e-10,2.3283064712331658e-11,2048,0.024122868035167257,0.25634765625,0.47607421875,0.16064453125,0.10693359375,0.8909238576889038,0.10107421875,8.549250196665525e-11,0.0,0.06349224187469302,0.0048828125,0.9951171875,0.0,0.0,0.022258883342146873,6.984919309616089e-10,1.7354295778204687e-10,18000,2.6026666164398193,1.0,0.25,0.25,0.25,0.25,1.0,2.12736495086574e-10
39831284.0,0.006622487213462591,6.570353150436858e-10,2.7423460724484983e-10,1.6626346133197245e-10,0.006622487213462591,1.6626346133197245e-10,2.119691089319531e-08,1.4110810298006982e-08,80.0,2.6496138616494136e-10,1.1641532356165829e-11,2048,0.0280379829325676,0.19287109375,0.53759765625,0.16748046875,0.10205078125,0.8535340428352356,0.09912109375,4.61000126961153e-11,0.0,0.0,0.0,1.0,0.0,0.0,5.979470391048736e-11,4.656612873077393e-10,1.141984284913633e-10,18000,2.801333427429199,1.0,0.25,0.25,0.25,0.25,1.0,1.7638512872508727e-10
33380032.0,0.004625435918569565,3.072333498721491e-10,1.8688070535510803e-10,1.3856894798269792e-10,0.004625435918569565,1.3856894798269792e-10,1.7734009816194884e-08,1.0793428373290226e-08,80.0,2.2167512270243606e-10,1.1641532356165829e-11,2048,0.02724345131290363,0.10693359375,0.3916015625,0.28173828125,0.2197265625,0.9349042177200317,0.09716796875,6.627942639170215e-11,0.0,0.014612141823801954,0.0,0.115234375,0.884765625,0.0,0.2577526271343231,4.656612873077393e-10,1.4162537809170317e-10,18000,3.0,1.0,0.25,0.25,0.25,0.25,1.0,1.3491785466612782e-10
118372688.0,0.5156300663948059,1.9834834219523145e-08,7.743210517219268e-09,4.355988458826232e-09,0.5156300663948059,4.355988458826232e-09,3.4393451642245054e-07,2.491287887096405e-07,80.0,4.299181455280632e-09,0.0,2048,0.01838778406525996,0.630859375,0.1845703125,0.10400390625,0.08056640625,0.750784158706665,0.79296875,1.4024408301338553e-09,0.0,0.6864703499641508,0.91455078125,0.08544921875,0.0,0.0,0.2105473279953003,1.4901161193847656e-08,3.6343408282846212e-09,24000,0.019999999552965164,1.0,0.25,0.25,0.2499999850988388,0.25,1.0,3.1141098588705063e-09
439662400.0,0.21946924924850464,8.370887982778186e-09,1.8099872711729859e-09,4.991767554862747e-10,0.21946924924850464,4.991767554862747e-10,1.672560756560415e-07,1.21381162898615e-07,80.0,2.0907009457005188e-09,0.0,2048,0.01769718900720855,0.50439453125,0.22119140625,0.1630859375,0.111328125,0.8793742656707764,0.7783203125,9.094947017729282e-13,0.0,0.5779510479126267,0.77783203125,0.2197265625,0.001953125,0.00048828125,0.3926299512386322,7.450580596923828e-09,2.2571384761249647e-09,24000,0.2186666578054428,1.0,0.25,0.25,0.25,0.25,1.0,1.5172645362326875e-09
134564720.0,0.17058606445789337,9.993628147242362e-09,4.190091384970174e-09,1.2676878435868844e-09,0.17058606445789337,1.2676878435868844e-09,1.377156877424568e-07,9.204995876643807e-08,80.0,1.72144609678071e-09,0.0,2048,0.011714569652526593,0.48291015625,0.23291015625,0.166015625,0.1181640625,0.8954567909240723,0.72705078125,1.673470251262188e-10,0.0,0.4814352263551324,0.5146484375,0.3955078125,0.08984375,0.0,0.6674110293388367,5.587935447692871e-09,1.6557351045776159e-09,24000,0.41733333468437195,1.0,0.25,0.25,0.25,0.25,1.0,1.1506244845804758e-09
71163184.0,0.14525705575942993,1.16590124221716e-08,4.144766307945247e-09,2.0411825563115826e-09,0.14525705575942993,2.0411825563115826e-09,1.1720658221747726e-07,8.441020327154547e-08,80.0,1.4650822777184658e-09,0.0,2048,0.01421325123468683,0.4931640625,0.24169921875,0.16162109375,0.103515625,0.8808975219726562,0.5966796875,1.190528564620763e-09,0.0,0.33547323755440983,0.50341796875,0.0,0.26904296875,0.2275390625,0.7470216155052185,5.587935447692871e-09,1.4699708117404953e-09,24000,0.6159999966621399,1.0,0.25,0.25,0.25,0.25,1.0,1.0551275408943184e-09
82363032.0,0.1297638714313507,1.7203518609676394e-08,3.343397336763587e-09,1.5755110549520168e-09,0.1297638714313507,1.5755110549520168e-09,1.0078110790345818e-07,7.214111974462867e-08,80.0,1.2597638487932272e-09,0.0,2048,0.015277828825502859,0.5087890625,0.2451171875,0.154296875,0.091796875,0.8627520203590393,0.4072265625,1.3842509360983968e-09,0.0,0.2081042586884685,0.39501953125,0.28662109375,0.318359375,0.0,0.7858706712722778,3.725290298461914e-09,1.1297061064396985e-09,24000,0.8146666288375854,1.0,0.25,0.25,0.25,0.25,1.0,9.017639968078583e-10
88757832.0,0.11194611340761185,9.162084424474415e-09,2.3823616412954607e-09,1.2612533240030643e-09,0.11194611340761185,1.2612533240030643e-09,8.911683835322037e-08,6.143181963125244e-08,80.0,1.1139604794152547e-09,0.0,2048,0.012358176522331147,0.49365234375,0.255859375,0.14599609375,0.1044921875,0.8758475184440613,0.27978515625,6.048139766789973e-11,0.0,0.1459780531175494,0.408203125,0.537109375,0.03662109375,0.01806640625,0.6443163752555847,3.725290298461914e-09,1.0779785952763632e-09,24000,1.0133333206176758,1.0,0.25,0.25,0.25,0.25,1.0,7.678977453906555e-10
149813200.0,0.09246459603309631,3.599033293610887e-09,1.6907742983462981e-09,6.171992361636569e-10,0.09246459603309631,6.171992361636569e-10,7.936250767670572e-08,5.52245182916522e-08,80.0,9.920313459588215e-10,0.0,2048,0.013649197349417764,0.48388671875,0.29541015625,0.1279296875,0.0927734375,0.862091064453125,0.18505859375,9.868017514236271e-11,0.0,0.0972654125031308,0.91015625,0.08984375,0.0,0.0,0.21797403693199158,3.725290298461914e-09,9.766836228664033e-10,24000,1.2120000123977661,1.0,0.25,0.25,0.25,0.25,1.0,6.903064786456525e-10
65126992.0,0.07446004450321198,2.9453293137748915e-09,2.022001233115134e-09,1.143305450312937e-09,0.07446004450321198,1.143305450312937e-09,6.811660568928346e-08,4.838511813431978e-08,80.0,8.514575711160433e-10,0.0,2048,0.012732443791315816,0.490234375,0.302734375,0.1171875,0.08984375,0.8504354357719421,0.14453125,6.230038707144558e-11,0.0,0.06209325887716905,0.9345703125,0.0654296875,0.0,0.0,0.174315944314003,2.7939677238464355e-09,8.170104592863936e-10,24000,1.410666584968567,1.0,0.25,0.25,0.25,0.25,1.0,6.048139766789973e-10
63805920.0,0.05533605068922043,2.975547142014534e-09,1.4736429854167454e-09,8.672557672007031e-10,0.05533605068922043,8.672557672007031e-10,5.843503458891064e-08,4.313278623158112e-08,80.0,7.30437932361383e-10,0.0,2048,0.01413061316430948,0.44091796875,0.35888671875,0.119140625,0.0810546875,0.8554900288581848,0.125,7.212292985059321e-10,0.0,0.06332640183970091,0.2333984375,0.7666015625,0.0,0.0,0.3919443190097809,1.862645149230957e-09,6.035634214640595e-10,24000,1.6093333959579468,1.0,0.25,0.25,0.25,0.25,1.0,5.39159827894764e-10
126194776.0,0.04021739959716797,1.2335219512493723e-09,7.927788425732274e-10,3.1869307193233e-10,0.04021739959716797,3.1869307193233e-10,4.9130903789773583e-08,3.570676199160516e-08,80.0,6.141362973721698e-10,0.0,2048,0.0058814829076371125,0.4130859375,0.39111328125,0.107421875,0.08837890625,0.8558392524719238,0.11328125,2.000888343900442e-11,0.0,0.05588518079313137,0.95751953125,0.04150390625,0.0009765625,0.0,0.13012981414794922,1.862645149230957e-09,5.972538019705098e-10,24000,1.808000087738037,1.0,0.25,0.25,0.25,0.25,1.0,4.4633452489506453e-10
90292208.0,0.02879321575164795,1.3238020679651186e-09,7.736158380566849e-10,3.1888927609635687e-10,0.02879321575164795,3.1888927609635687e-10,4.106368578504771e-08,3.0272531148511916e-08,80.0,5.132960723130964e-10,0.0,2048,0.0103721688152985,0.3837890625,0.40869140625,0.119140625,0.08837890625,0.8664243221282959,0.10546875,3.965396899729967e-10,0.0,0.016268303346661222,0.16845703125,0.83154296875,0.0,0.0,0.32708147168159485,1.3969838619232178e-09,3.837499207293149e-10,24000,2.006666660308838,1.0,0.25,0.25,0.25,0.25,1.0,3.7840663935639895e-10
53125772.0,0.020101718604564667,1.100234348072604e-09,6.014191367142985e-10,3.7837979971477864e-10,0.020101718604564667,3.7837979971477864e-10,3.463355824351311e-08,2.5752342480700463e-08,80.0,4.3291947804391384e-10,0.0,2048,0.009515537447494234,0.357421875,0.43798828125,0.119140625,0.08544921875,0.8605480194091797,0.103515625,3.7061909097246826e-11,0.0,0.022553621900938597,0.0341796875,0.9658203125,0.0,0.0,0.10746897757053375,1.1641532182693481e-09,2.935394149972126e-10,24000,2.2053332328796387,1.0,0.25,0.25,0.25,0.25,1.0,3.219042810087558e-10
62226524.0,0.013941178098320961,4.5222206535022735e-10,4.0981668059103527e-10,2.2403916222213383e-10,0.013941178098320961,2.2403916222213383e-10,3.0172486731316894e-08,2.209390004281886e-08,80.0,3.771560841414612e-10,0.0,2048,0.019983222480347434,0.3359375,0.46875,0.119140625,0.076171875,0.8448467254638672,0.1025390625,6.377831596182659e-11,0.0,0.007615998309520851,0.75390625,0.24609375,0.0,0.0,0.40251395106315613,1.0477378964424133e-09,3.312550234113587e-10,24000,2.4040000438690186,1.0,0.25,0.25,0.25,0.25,1.0,2.7617375053523574e-10
64544388.0,0.009541133418679237,6.316446810039622e-10,2.708970825437973e-10,1.478228234264023e-10,0.009541133418679237,1.478228234264023e-10,2.5559074856573716e-08,1.9119852368021384e-08,80.0,3.1948843570717145e-10,1.1641532356165829e-11,2048,0.021109537588256042,0.29345703125,0.4921875,0.11865234375,0.095703125,0.8556458353996277,0.0986328125,2.2782842279411852e-10,1.1641532182693481e-10,0.0,0.0,1.0,0.0,0.0,5.979470391048736e-11,6.984919309616089e-10,1.602131760591874e-10,24000,2.6026666164398193,1.0,0.25,0.25,0.25,0.25,1.0,2.389981546002673e-10
37782368.0,0.006535171065479517,3.2079192080480823e-10,2.3974267016058093e-10,1.7296880594486197e-10,0.006535171065479517,1.7296880594486197e-10,2.1979076336720027e-08,1.6707417671568692e-08,80.0,2.7473845420900034e-10,1.7462298967929613e-11,2048,0.01863598308563638,0.3076171875,0.53076171875,0.09765625,0.06396484375,0.7948533296585083,0.09814453125,2.4016344468691386e-10,1.1641532182693481e-10,0.22328612533342487,0.00146484375,0.99853515625,0.0,0.0,0.007951666601002216,4.656612873077393e-10,1.1215206541237421e-10,24000,2.801333427429199,1.0,0.25,0.25,0.25,0.25,1.0,2.0884272089460865e-10
113611328.0,0.004591364413499832,2.444903446363611e-10,1.681419448118504e-10,4.0412909130260743e-11,0.004591364413499832,4.0412909130260743e-11,2.1526602722587995e-08,1.602984411874786e-08,80.0,2.6908253403234994e-10,5.238689690378884e-11,2048,0.02033467910122177,0.294921875,0.6103515625,0.076171875,0.0185546875,0.6719772815704346,0.0986328125,2.0122570276726037e-10,1.1641532182693481e-10,0.0,0.0,1.0,0.0,0.0,5.979470391048736e-11,4.0745362639427185e-10,7.671019375266042e-11,24000,3.0,1.0,0.25,0.25,0.25,0.25,1.0,2.0037305148434825e-10
