beta_max,beta_mean,beta_min,loss,mcl_e_best,mcl_e_mean,ramp,spec_delta,spec_t_star,spec_window_frac,step,t_max_batch,t_mean,t_min_batch,teacher_entropy_usage,usage_0,usage_1,usage_2,usage_3,usage_4,usage_5,usage_6,usage_7,usage_8,usage_9
0.0,0.0,0.0,0.013551360927522182,0.013316553086042404,0.01351198274642229,0.0,0.2,0.9630379676818848,0.85,1,2.8106749057769775,0.9787072539329529,0.117055743932724,0.9999998211860657,0.09999997168779373,0.09999997168779373,0.09999997168779373,0.09999997168779373,0.09999997168779373,0.09999997168779373,0.09999997168779373,0.09999997168779373,0.09999997168779373,0.09999997168779373
0.0,0.0,0.0,0.012445216067135334,0.012388095259666443,0.012418595142662525,0.0,0.2,0.9630379676818848,0.85,500,2.9099948406219482,1.0575159788131714,0.09115064144134521,0.9999998211860657,0.09999997168779373,0.09999997168779373,0.09999997168779373,0.09999997168779373,0.09999997168779373,0.09999997168779373,0.09999997168779373,0.09999997168779373,0.09999997168779373,0.09999997168779373
0.0,0.0,0.0,0.012720884755253792,0.012674914672970772,0.01269521750509739,0.0,0.2,0.9630379676818848,0.85,1000,2.6171181201934814,1.0150800943374634,0.17619600892066956,0.9999998211860657,0.09999997168779373,0.09999997168779373,0.09999997168779373,0.09999997168779373,0.09999997168779373,0.09999997168779373,0.09999997168779373,0.09999997168779373,0.09999997168779373,0.09999997168779373
0.0,0.0,0.0,0.012904186733067036,0.01286356896162033,0.012878692708909512,0.0,0.2,0.9630379676818848,0.85,1500,2.900858163833618,1.035631537437439,0.048585742712020874,0.9999998211860657,0.09999997168779373,0.09999997168779373,0.09999997168779373,0.09999997168779373,0.09999997168779373,0.09999997168779373,0.09999997168779373,0.09999997168779373,0.09999997168779373,0.09999997168779373
0.0,0.0,0.0,0.012536314316093922,0.012488474138081074,0.012510478496551514,0.0,0.2,0.9630379676818848,0.85,2000,2.8549466133117676,1.0637928247451782,0.053565993905067444,0.9999998211860657,0.09999997168779373,0.09999997168779373,0.09999997168779373,0.09999997168779373,0.09999997168779373,0.09999997168779373,0.09999997168779373,0.09999997168779373,0.09999997168779373,0.09999997168779373
0.0,0.0,0.0,0.012070299126207829,0.012028032913804054,0.012044630013406277,0.0,0.2,0.9630379676818848,0.85,2500,2.91027569770813,1.0071638822555542,0.10566443204879761,0.9999998211860657,0.09999997168779373,0.09999997168779373,0.09999997168779373,0.09999997168779373,0.09999997168779373,0.09999997168779373,0.09999997168779373,0.09999997168779373,0.09999997168779373,0.09999997168779373
0.0,0.0,0.0,0.011518293060362339,0.011398819275200367,0.011479048989713192,0.0,0.2,0.9630379676818848,0.85,3000,2.6156229972839355,1.0643460750579834,0.30714893341064453,0.9999998211860657,0.09999997168779373,0.09999997168779373,0.09999997168779373,0.09999997168779373,0.09999997168779373,0.09999997168779373,0.09999997168779373,0.09999997168779373,0.09999997168779373,0.09999997168779373
0.4050925672054291,0.4050925672054291,0.4050925672054291,0.012448633089661598,0.012133821845054626,0.01237188559025526,0.0050636574074074065,0.2,0.9630379676818848,0.85,3500,2.6645612716674805,1.0216124057769775,0.08922718465328217,1.0,0.09999601542949677,0.10000277310609818,0.09999395161867142,0.09999197721481323,0.10000377893447876,0.10000306367874146,0.10000303387641907,0.10000383108854294,0.1000015065073967,0.10000006854534149
1.5740740299224854,1.5740740299224854,1.5740740299224854,0.013341995887458324,0.013301167637109756,0.013316459022462368,0.019675925925925927,0.2,0.9630379676818848,0.85,4000,2.9908461570739746,1.0096582174301147,0.13229243457317352,1.0,0.10000014305114746,0.09999985992908478,0.09999995678663254,0.09999991953372955,0.10000017285346985,0.09999978542327881,0.10000002384185791,0.09999995678663254,0.10000023990869522,0.09999996423721313
3.4375,3.4375,3.4375,0.013887858018279076,0.013810700736939907,0.013858792372047901,0.04296875,0.2,0.9630379676818848,0.85,4500,2.9487593173980713,1.056165099143982,0.06268060207366943,1.0,0.10000043362379074,0.09999890625476837,0.1000024676322937,0.10000105202198029,0.09999987483024597,0.09999962896108627,0.09999918192625046,0.09999998658895493,0.09999826550483704,0.10000018030405045
5.925926208496094,5.925926208496094,5.925926208496094,0.013310412876307964,0.013273732736706734,0.013284928165376186,0.07407407407407407,0.2,0.9630379676818848,0.85,5000,2.88431978225708,1.0383625030517578,0.058225106447935104,1.0,0.09999990463256836,0.09999942779541016,0.09999938309192657,0.09999997168779373,0.10000007599592209,0.09999997913837433,0.1000005304813385,0.10000070184469223,0.09999978542327881,0.10000024735927582
8.9699068069458,8.9699068069458,8.9699068069458,0.012499417178332806,0.012463986873626709,0.012474039569497108,0.11212384259259262,0.2,0.9630379676818848,0.85,5500,2.4702842235565186,0.99122154712677,0.239327535033226,0.9999998807907104,0.10000035166740417,0.09999988973140717,0.10000029951334,0.10000009834766388,0.09999915212392807,0.0999998077750206,0.09999952465295792,0.10000075399875641,0.10000042617321014,0.09999968111515045
12.5,12.5,12.5,0.013409575447440147,0.013362209312617779,0.013383874669671059,0.15625,0.2,0.9630379676818848,0.85,6000,2.633208751678467,1.0020527839660645,0.13065539300441742,1.0,0.09999807924032211,0.10000114887952805,0.10000092536211014,0.10000117123126984,0.09999985247850418,0.09999971091747284,0.1000005304813385,0.09999851137399673,0.10000263154506683,0.09999742358922958
16.446760177612305,16.446760177612305,16.446760177612305,0.011561139486730099,0.011525942012667656,0.011535683646798134,0.20558449074074078,0.2,0.9630379676818848,0.85,6500,2.833827018737793,1.0273295640945435,0.07116584479808807,1.0,0.09999942034482956,0.09999996423721313,0.10000085830688477,0.09999736398458481,0.0999988541007042,0.10000132024288177,0.10000132769346237,0.1000017449259758,0.10000013560056686,0.09999900311231613
20.740739822387695,20.740739822387695,20.740739822387695,0.011774311773478985,0.011705877259373665,0.011746229603886604,0.25925925925925924,0.2,0.9630379676818848,0.85,7000,2.8033297061920166,1.0384800434112549,0.31404051184654236,1.0,0.10000922530889511,0.10000143945217133,0.10000021010637283,0.09999867528676987,0.0999937579035759,0.09999409317970276,0.1000092476606369,0.10000426322221756,0.09999021887779236,0.09999886155128479
25.3125,25.3125,25.3125,0.011484258808195591,0.011070319451391697,0.011191749945282936,0.31640625,0.2,0.9630379676818848,0.85,7500,2.958087682723999,1.1358751058578491,0.3513050973415375,0.999999463558197,0.10017254948616028,0.10009448975324631,0.10014820843935013,0.0998668298125267,0.10008147358894348,0.09979047626256943,0.10011924803256989,0.09986339509487152,0.09979283809661865,0.10007049143314362
30.092592239379883,30.092592239379883,30.092592239379883,0.01238298136740923,0.012346785515546799,0.01235757302492857,0.37615740740740744,0.2,0.9630379676818848,0.85,8000,2.952843427658081,1.0416269302368164,0.32180720567703247,1.0,0.10000040382146835,0.10000091791152954,0.10000302642583847,0.10000011324882507,0.09999722987413406,0.09999813139438629,0.10000085830688477,0.09999904781579971,0.10000001639127731,0.10000026971101761
35.011573791503906,35.011573791503906,35.011573791503906,0.011455824598670006,0.011238554492592812,0.011388740502297878,0.43764467592592593,0.2,0.9630379676818848,0.85,8500,2.9153494834899902,1.0791780948638916,0.051209550350904465,0.9999984502792358,0.09967061877250671,0.09976030886173248,0.10016947239637375,0.10019505769014359,0.10000556707382202,0.10027788579463959,0.10012775659561157,0.0994420200586319,0.10024010390043259,0.10011120140552521
40.0,40.0,40.0,0.012781579978764057,0.012743722647428513,0.012756213545799255,0.5,0.2,0.9630379676818848,0.85,9000,2.7470202445983887,1.0227794647216797,0.07143373042345047,0.9999998807907104,0.10000301897525787,0.09999800473451614,0.09999603033065796,0.0999978706240654,0.1000082716345787,0.10000036656856537,0.10000023990869522,0.0999947190284729,0.09999909996986389,0.10000239312648773
44.988426208496094,44.988426208496094,44.988426208496094,0.01262345165014267,0.012415233999490738,0.012590250931680202,0.562355324074074,0.2,0.9630379676818848,0.85,9500,2.528811454772949,1.0170931816101074,0.16265380382537842,0.9999979138374329,0.09963652491569519,0.09996335208415985,0.10032884776592255,0.09995287656784058,0.10008695721626282,0.10037661343812943,0.09995757788419724,0.10029624402523041,0.09931295365095139,0.10008806735277176
49.90740966796875,49.90740966796875,49.90740966796875,0.01476294081658125,0.013695704750716686,0.014710667543113232,0.6238425925925927,0.2,0.9630379676818848,0.85,10000,2.890343427658081,1.011655330657959,0.07481127977371216,0.9998260736465454,0.09812802076339722,0.10503171384334564,0.10085300356149673,0.09948372840881348,0.101433165371418,0.09996543824672699,0.09837871044874191,0.09930693358182907,0.09414970129728317,0.10326958447694778
54.6875,54.6875,54.6875,0.012361425906419754,0.012319250032305717,0.012335889041423798,0.68359375,0.2,0.9630379676818848,0.85,10500,2.9189229011535645,1.0641489028930664,0.15650875866413116,1.0000001192092896,0.09999611973762512,0.10000064224004745,0.10000322759151459,0.10000872611999512,0.09999572485685349,0.09998879581689835,0.1000019758939743,0.10000447183847427,0.10000037401914597,0.09999994933605194
59.25925827026367,59.25925827026367,59.25925827026367,0.011738424189388752,0.01170316245406866,0.011713034473359585,0.7407407407407407,0.2,0.9630379676818848,0.85,11000,2.904897451400757,1.0459487438201904,0.23935988545417786,1.0,0.09999552369117737,0.10000662505626678,0.09999451041221619,0.1000000387430191,0.10000256448984146,0.09999978542327881,0.0999993309378624,0.09999759495258331,0.10000557452440262,0.09999847412109375
63.55324172973633,63.55324172973633,63.55324172973633,0.013277269899845123,0.013243329711258411,0.01325185876339674,0.7944155092592593,0.2,0.9630379676818848,0.85,11500,2.726809501647949,1.0360220670700073,0.03291095420718193,0.9999998807907104,0.10000984370708466,0.09999771416187286,0.10000000894069672,0.10000200569629669,0.09999926388263702,0.09999723732471466,0.10000455379486084,0.0999993234872818,0.0999969094991684,0.09999314695596695
67.5,67.5,67.5,0.011729451827704906,0.011695767752826214,0.01170408260077238,0.84375,0.2,0.9630379676818848,0.85,12000,2.353736162185669,1.0009099245071411,0.2853725850582123,1.0,0.0999985784292221,0.09999693930149078,0.1000034511089325,0.09999825060367584,0.1000005453824997,0.1000000387430191,0.10000599920749664,0.09999643266201019,0.10000601410865784,0.0999937653541565
71.03009033203125,71.03009033203125,71.03009033203125,0.012846967205405235,0.01279426272958517,0.012817946262657642,0.8878761574074073,0.2,0.9630379676818848,0.85,12500,2.9180455207824707,1.0718963146209717,0.04983311891555786,1.0,0.10001707077026367,0.10000703483819962,0.09996503591537476,0.09999488294124603,0.09999972581863403,0.10000856220722198,0.10001128166913986,0.10000230371952057,0.10000664740800858,0.09998749196529388
74.0740737915039,74.0740737915039,74.0740737915039,0.012743774801492691,0.012668397277593613,0.012716168537735939,0.925925925925926,0.2,0.9630379676818848,0.85,13000,2.204016923904419,0.9814836978912354,0.17037029564380646,0.9999998807907104,0.09995992481708527,0.09999947249889374,0.09989564120769501,0.10000289231538773,0.10003633797168732,0.0999750941991806,0.10006015002727509,0.10004349052906036,0.10000523924827576,0.10002177208662033
76.5625,76.5625,76.5625,0.014009305275976658,0.013710769824683666,0.013966793194413185,0.95703125,0.2,0.9630379676818848,0.85,13500,2.8995444774627686,1.0251145362854004,0.04288408160209656,0.9999932646751404,0.09999780356884003,0.09955720603466034,0.09947153180837631,0.10085314512252808,0.10077076405286789,0.09977047145366669,0.10042962431907654,0.09901711344718933,0.10026684403419495,0.09986546635627747
78.4259262084961,78.4259262084961,78.4259262084961,0.011949267238378525,0.011913130059838295,0.011923895217478275,0.9803240740740741,0.2,0.9630379676818848,0.85,14000,2.8258886337280273,1.0775413513183594,0.06378132104873657,1.0,0.09999191761016846,0.09999658912420273,0.10001495480537415,0.09999531507492065,0.100004643201828,0.09999116510152817,0.10000453889369965,0.09999572485685349,0.10001004487276077,0.09999509900808334
79.59490966796875,79.59490966796875,79.59490966796875,0.010956138372421265,0.010911761783063412,0.010930614545941353,0.9949363425925927,0.2,0.9630379676818848,0.85,14500,2.8993210792541504,1.1443002223968506,0.30801770091056824,1.0,0.1000007838010788,0.10000592470169067,0.10000316798686981,0.09998769313097,0.10000656545162201,0.09999828040599823,0.10000047832727432,0.09998918324708939,0.10000458359718323,0.10000333189964294
80.0,80.0,80.0,0.011856792494654655,0.011538323014974594,0.011816865764558315,1.0,0.2,0.9630379676818848,0.85,15000,2.6667487621307373,1.1022894382476807,0.16616126894950867,0.9998655915260315,0.1013721227645874,0.10107190907001495,0.10070595890283585,0.10140416026115417,0.10090381652116776,0.0970350056886673,0.09362330287694931,0.10100395977497101,0.10132844746112823,0.10155132412910461
80.0,80.0,80.0,0.011941987089812756,0.011904854327440262,0.011916575022041798,1.0,0.2,0.9630379676818848,0.85,15500,2.6432793140411377,1.0147461891174316,0.15080071985721588,1.0,0.09999403357505798,0.09999532252550125,0.10000395774841309,0.09999556839466095,0.09999044239521027,0.10000519454479218,0.10002782940864563,0.09999554604291916,0.09999427944421768,0.09999779611825943
80.0,80.0,80.0,0.01169295608997345,0.01165635697543621,0.011667544953525066,1.0,0.2,0.9630379676818848,0.85,16000,2.8469622135162354,1.0668288469314575,0.14561475813388824,1.0,0.09999160468578339,0.10000233352184296,0.09999651461839676,0.09999141097068787,0.09999889135360718,0.10000362247228622,0.1000116840004921,0.1000065952539444,0.1000036895275116,0.09999367594718933
80.0,80.0,80.0,0.011786048300564289,0.011747853830456734,0.011760628782212734,1.0,0.2,0.9630379676818848,0.85,16500,2.9585440158843994,1.046654224395752,0.16604745388031006,1.0,0.0999930277466774,0.10000139474868774,0.09999602288007736,0.10000767558813095,0.10000018775463104,0.10001608729362488,0.09999348223209381,0.10000324249267578,0.09999656677246094,0.0999923124909401
80.0,80.0,80.0,0.014445006847381592,0.014402945525944233,0.014419490471482277,1.0,0.2,0.9630379676818848,0.85,17000,2.930055618286133,1.0279897451400757,0.02742006815969944,1.0,0.10000681132078171,0.10000019520521164,0.09997700899839401,0.10000254958868027,0.1000024676322937,0.10001961141824722,0.10003066062927246,0.100000761449337,0.099986232817173,0.09997370094060898
80.0,80.0,80.0,0.01169179379940033,0.011653104797005653,0.011666432023048401,1.0,0.2,0.9630379676818848,0.85,17500,2.9942684173583984,1.0742089748382568,0.34778890013694763,1.0,0.10000163316726685,0.09998029470443726,0.09999401122331619,0.10003688931465149,0.10001000016927719,0.09998778998851776,0.0999956801533699,0.09999220073223114,0.1000058725476265,0.09999563544988632
80.0,80.0,80.0,0.01391419768333435,0.013485479168593884,0.013885986991226673,1.0,0.2,0.9630379676818848,0.85,18000,2.9460206031799316,1.0199189186096191,0.08967781066894531,0.9999575614929199,0.10065554082393646,0.10172516852617264,0.10199306905269623,0.10088091343641281,0.0982811376452446,0.10001449286937714,0.09860488772392273,0.09887350350618362,0.10102362930774689,0.09794765710830688
80.0,80.0,80.0,0.011876476928591728,0.011830158531665802,0.011850650422275066,1.0,0.2,0.9630379676818848,0.85,18500,2.8629305362701416,1.0663191080093384,0.31555691361427307,1.0,0.10000848025083542,0.10002032667398453,0.09998776018619537,0.09999066591262817,0.09999221563339233,0.10000148415565491,0.10000120103359222,0.09998086839914322,0.09998774528503418,0.10002924501895905
80.0,80.0,80.0,0.012488767504692078,0.012454158626496792,0.012463431805372238,1.0,0.2,0.9630379676818848,0.85,19000,2.9219400882720947,1.038320541381836,0.026577739045023918,1.0,0.0999981015920639,0.09999792277812958,0.09998899698257446,0.10000133514404297,0.10000423341989517,0.09999635070562363,0.10001342743635178,0.10000326484441757,0.09999086707830429,0.10000552237033844
80.0,80.0,80.0,0.014441621489822865,0.014402473345398903,0.014416213147342205,1.0,0.2,0.9630379676818848,0.85,19500,2.7860336303710938,0.9731072187423706,0.04066259413957596,1.0,0.09999489784240723,0.09999474883079529,0.09999926388263702,0.099991574883461,0.09999753534793854,0.10001376271247864,0.10000099241733551,0.09999056905508041,0.10000889003276825,0.10000777244567871
80.0,80.0,80.0,0.011614049784839153,0.01157406810671091,0.01158857624977827,1.0,0.2,0.9630379676818848,0.85,20000,2.663713216781616,1.0300496816635132,0.2502274513244629,1.0,0.09999258071184158,0.09999799728393555,0.09999722242355347,0.10000936686992645,0.09999631345272064,0.0999915674328804,0.10000099241733551,0.0999983549118042,0.10000744462013245,0.10000818967819214
80.0,80.0,80.0,0.012185531668365002,0.012075827457010746,0.012153233401477337,1.0,0.2,0.9630379676818848,0.85,20500,2.8467462062835693,1.0823777914047241,0.07802091538906097,0.9999995827674866,0.1000899001955986,0.10009889304637909,0.10007178783416748,0.0996738076210022,0.100125752389431,0.10006043314933777,0.1001015305519104,0.10004161298274994,0.09994354844093323,0.0997927188873291
80.0,80.0,80.0,0.011858593672513962,0.01182183250784874,0.011833254247903824,1.0,0.2,0.9630379676818848,0.85,21000,2.6786258220672607,1.0497972965240479,0.41060954332351685,1.0,0.0999893844127655,0.09999486058950424,0.09999880939722061,0.09999948740005493,0.09999952465295792,0.09999274462461472,0.10000427067279816,0.10000061243772507,0.09999269247055054,0.10002763569355011
80.0,80.0,80.0,0.012354755774140358,0.012314874678850174,0.012329409830272198,1.0,0.2,0.9630379676818848,0.85,21500,2.499441385269165,1.0090134143829346,0.13966824114322662,0.9999998807907104,0.09998820722103119,0.10001160204410553,0.0999845415353775,0.09999581426382065,0.09998480975627899,0.10000701248645782,0.10000486671924591,0.09999889135360718,0.09999103844165802,0.1000332459807396
80.0,80.0,80.0,0.01238553412258625,0.01235068216919899,0.012360088527202606,1.0,0.2,0.9630379676818848,0.85,22000,2.480358600616455,1.0477689504623413,0.3214111328125,0.9999998807907104,0.09999947249889374,0.09999984502792358,0.09999628365039825,0.10001048445701599,0.0999986082315445,0.09999550133943558,0.09999129176139832,0.09999983012676239,0.09998839348554611,0.10002027451992035
80.0,80.0,80.0,0.013091931119561195,0.01305624470114708,0.01306654792279005,1.0,0.2,0.9630379676818848,0.85,22500,2.8741044998168945,1.0425020456314087,0.0606544055044651,1.0,0.09999091178178787,0.10000953823328018,0.10001122951507568,0.1000005453824997,0.10000240802764893,0.09998373687267303,0.09999356418848038,0.09999619424343109,0.10000091791152954,0.1000109314918518
80.0,80.0,80.0,0.01260784175246954,0.012572424486279488,0.01258244551718235,1.0,0.2,0.9630379676818848,0.85,23000,2.879141330718994,1.0456974506378174,0.1970396190881729,1.0,0.10000141710042953,0.10000547766685486,0.10000193864107132,0.10000370442867279,0.09999986737966537,0.09999154508113861,0.09999595582485199,0.0999998077750206,0.09999261051416397,0.10000769793987274
80.0,80.0,80.0,0.012662351131439209,0.012596825137734413,0.01263344194740057,1.0,0.2,0.9630379676818848,0.85,23500,2.8613717555999756,0.9911280870437622,0.3871142864227295,1.0000001192092896,0.09998250752687454,0.09997906535863876,0.09998753666877747,0.09999987483024597,0.10002218931913376,0.10000862181186676,0.09996876865625381,0.1000218465924263,0.09998922795057297,0.10004037618637085
80.0,80.0,80.0,0.012361694127321243,0.012327205389738083,0.012336368672549725,1.0,0.2,0.9630379676818848,0.85,24000,2.6683995723724365,1.0198068618774414,0.1904865950345993,1.0,0.09999436140060425,0.10000002384185791,0.10000427067279816,0.09999604523181915,0.09999729692935944,0.10000379383563995,0.09999805688858032,0.10000064969062805,0.09999800473451614,0.10000747442245483
80.0,80.0,80.0,0.012056943960487843,0.012005463242530823,0.012030510231852531,1.0,0.2,0.9630379676818848,0.85,24500,2.9153451919555664,1.099644422531128,0.02018638700246811,1.0,0.10002864897251129,0.09997303783893585,0.09996532648801804,0.09999604523181915,0.10002937912940979,0.09999288618564606,0.1000010222196579,0.09998579323291779,0.10003037750720978,0.09999746084213257
80.0,80.0,80.0,0.01206703670322895,0.012032300233840942,0.012041713111102581,1.0,0.2,0.9630379676818848,0.85,25000,2.539846658706665,1.0248124599456787,0.22614920139312744,1.0,0.10000982880592346,0.09999270737171173,0.09999984502792358,0.1000019833445549,0.09999921917915344,0.0999908298254013,0.09999586641788483,0.10000507533550262,0.10000140964984894,0.10000325739383698
80.0,80.0,80.0,0.013199036940932274,0.013151178136467934,0.013172837905585766,1.0,0.2,0.9630379676818848,0.85,25500,2.6332874298095703,0.9776935577392578,0.2447863668203354,0.9999998807907104,0.10000243782997131,0.10000981390476227,0.09996585547924042,0.09999550879001617,0.10000775009393692,0.10000282526016235,0.10000844299793243,0.10000676661729813,0.09999553114175797,0.10000506788492203
80.0,80.0,80.0,0.012102792970836163,0.012069553136825562,0.012077300809323788,1.0,0.2,0.9630379676818848,0.85,26000,2.9842801094055176,1.0784616470336914,0.10381869971752167,0.9999998807907104,0.09999754279851913,0.10000673681497574,0.09999153763055801,0.10000217705965042,0.09999387711286545,0.100009486079216,0.09999905526638031,0.10000186413526535,0.10000007599592209,0.0999976098537445
80.0,80.0,80.0,0.013253760524094105,0.013207287527620792,0.01322812121361494,1.0,0.2,0.9630379676818848,0.85,26500,2.865877628326416,1.0158696174621582,0.03214636445045471,1.0,0.10001125931739807,0.09999997913837433,0.09998217225074768,0.10001824796199799,0.09999950975179672,0.09998804330825806,0.09998676925897598,0.1000104621052742,0.09999289363622665,0.10001065582036972
80.0,80.0,80.0,0.012367086485028267,0.012327659875154495,0.012341667897999287,1.0,0.2,0.9630379676818848,0.85,27000,2.866889476776123,1.0221062898635864,0.10131518542766571,1.0000001192092896,0.10000897943973541,0.10001204162836075,0.09999322891235352,0.09999901056289673,0.09999699145555496,0.09999840706586838,0.10000037401914597,0.09999203681945801,0.09999042749404907,0.1000085175037384
80.0,80.0,80.0,0.012307153083384037,0.012243451550602913,0.012280479073524475,1.0,0.2,0.9630379676818848,0.85,27500,2.982039213180542,1.0125963687896729,0.05711410567164421,1.0,0.0999966710805893,0.10000677406787872,0.09999576210975647,0.10003281384706497,0.10002235323190689,0.10000654309988022,0.09998771548271179,0.10001739859580994,0.10000859946012497,0.09992537647485733
80.0,80.0,80.0,0.01206407230347395,0.012023421004414558,0.01203856896609068,1.0,0.2,0.9630379676818848,0.85,28000,2.8995044231414795,1.0900602340698242,0.1165028065443039,1.0,0.10000967979431152,0.09998933970928192,0.09999046474695206,0.10003162175416946,0.09998348355293274,0.09999071806669235,0.1000041589140892,0.0999971330165863,0.099994957447052,0.10000845044851303
80.0,80.0,80.0,0.012288616970181465,0.0122067891061306,0.012261620722711086,1.0,0.2,0.9630379676818848,0.85,28500,2.75724720954895,1.062878131866455,0.1101519763469696,1.0,0.10000118613243103,0.09997832775115967,0.09997858852148056,0.09998403489589691,0.10000120103359222,0.09999819099903107,0.09999535232782364,0.0999976247549057,0.10003950446844101,0.10002598166465759
80.0,80.0,80.0,0.012369445525109768,0.012332688085734844,0.01234406977891922,1.0,0.2,0.9630379676818848,0.85,29000,2.9507358074188232,1.0614023208618164,0.1299235075712204,1.0,0.09999272227287292,0.09999433904886246,0.09999391436576843,0.10000548511743546,0.09999299049377441,0.10000191628932953,0.09999574720859528,0.10000104457139969,0.1000053733587265,0.10001647472381592
80.0,80.0,80.0,0.01178186759352684,0.011748740449547768,0.011756548658013344,1.0,0.2,0.9630379676818848,0.85,29500,2.870948076248169,1.0428242683410645,0.06985045224428177,1.0,0.10000276565551758,0.0999891459941864,0.1000051349401474,0.09999701380729675,0.09998932480812073,0.10000304877758026,0.09999861568212509,0.10000858455896378,0.09999608248472214,0.10001026839017868
80.0,80.0,80.0,0.012027370743453503,0.011976784095168114,0.012001082301139832,1.0,0.2,0.9630379676818848,0.85,30000,2.8459837436676025,1.0368998050689697,0.257305771112442,0.9999998807907104,0.09999127686023712,0.10001108795404434,0.10000216215848923,0.10000888258218765,0.09999112039804459,0.0999932810664177,0.1000092476606369,0.09996507316827774,0.10001631081104279,0.10001154989004135
80.0,80.0,80.0,0.013128131628036499,0.013093016110360622,0.013102816417813301,1.0,0.2,0.9630379676818848,0.85,30500,2.961162805557251,0.9912114143371582,0.1392623782157898,1.0,0.09999631345272064,0.09999246150255203,0.09999416768550873,0.10000952333211899,0.09999219328165054,0.10001135617494583,0.09999187290668488,0.10000387579202652,0.10000617057085037,0.10000205785036087
80.0,80.0,80.0,0.012587256729602814,0.012524730525910854,0.012560551054775715,1.0,0.2,0.9630379676818848,0.85,31000,2.9782001972198486,0.9968475103378296,0.11287981271743774,1.0,0.10001710057258606,0.09998505562543869,0.1000446081161499,0.09998969733715057,0.10000625252723694,0.09991458058357239,0.10001816600561142,0.09998692572116852,0.10001539438962936,0.10002218186855316
80.0,80.0,80.0,0.014135219156742096,0.014098583720624447,0.014109848998486996,1.0,0.2,0.9630379676818848,0.85,31500,2.9887678623199463,0.9792391061782837,0.028272587805986404,1.0,0.09999151527881622,0.09999674558639526,0.09999774396419525,0.09999781847000122,0.09999318420886993,0.10003292560577393,0.09998714178800583,0.10001476109027863,0.10000985860824585,0.09997833520174026
80.0,80.0,80.0,0.012761229649186134,0.012723574414849281,0.012735879980027676,1.0,0.2,0.9630379676818848,0.85,32000,2.5365476608276367,1.0026942491531372,0.08641664683818817,1.0,0.10000549256801605,0.09998799115419388,0.0999775230884552,0.09999692440032959,0.0999998152256012,0.1000148355960846,0.10000995546579361,0.09999841451644897,0.10000697523355484,0.10000211000442505
80.0,80.0,80.0,0.012691879644989967,0.012501937337219715,0.012658732943236828,1.0,0.2,0.9630379676818848,0.85,32500,2.847264289855957,1.0344352722167969,0.03342927247285843,0.9999978542327881,0.10017188638448715,0.10017824172973633,0.10001882910728455,0.09997819364070892,0.10002141445875168,0.10024842619895935,0.10002235323190689,0.10025820136070251,0.09911318123340607,0.09998928010463715
80.0,80.0,80.0,0.012525895610451698,0.012489395216107368,0.012500566430389881,1.0,0.2,0.9630379676818848,0.85,33000,2.994507312774658,1.0587944984436035,0.28397640585899353,1.0,0.09999746084213257,0.09999767690896988,0.09999732673168182,0.09999856352806091,0.09999765455722809,0.10000645369291306,0.09999526292085648,0.10000553727149963,0.10000847280025482,0.09999560564756393
80.0,80.0,80.0,0.012784606777131557,0.012736708857119083,0.012758973054587841,1.0,0.2,0.9630379676818848,0.85,33500,2.8099539279937744,1.0027446746826172,0.07268476486206055,0.9999998807907104,0.0999796912074089,0.1000039130449295,0.09999629855155945,0.09999749064445496,0.10002320259809494,0.10001245141029358,0.10000169277191162,0.09998521208763123,0.09999693185091019,0.10000313818454742
80.0,80.0,80.0,0.012247784994542599,0.012201697565615177,0.012221964076161385,1.0,0.2,0.9630379676818848,0.85,34000,2.749638557434082,1.0349355936050415,0.19142135977745056,1.0,0.100007064640522,0.10000506043434143,0.10000114887952805,0.10001960396766663,0.10002581775188446,0.09999238699674606,0.09997536242008209,0.09999439865350723,0.09999585151672363,0.09998328983783722
80.0,80.0,80.0,0.013439963571727276,0.013399390503764153,0.013414512388408184,1.0,0.2,0.9630379676818848,0.85,34500,2.950528860092163,1.038503646850586,0.05415210500359535,0.9999998807907104,0.09999358654022217,0.09998824447393417,0.1000128835439682,0.1000092551112175,0.09999534487724304,0.09998206794261932,0.10000663995742798,0.10000205039978027,0.10001219809055328,0.09999771416187286
80.0,80.0,80.0,0.012334239669144154,0.012301009148359299,0.012308663688600063,1.0,0.2,0.9630379676818848,0.85,35000,2.9401793479919434,0.9984241724014282,0.17981842160224915,0.9999998807907104,0.10000236332416534,0.09998632967472076,0.09999768435955048,0.09999415278434753,0.10000385344028473,0.1000165343284607,0.10000068694353104,0.09999652206897736,0.10000248998403549,0.09999939799308777
80.0,80.0,80.0,0.011438634246587753,0.011402145028114319,0.011413246393203735,1.0,0.2,0.9630379676818848,0.85,35500,2.935525894165039,1.075246810913086,0.31038424372673035,1.0,0.09999841451644897,0.09999076277017593,0.09999116510152817,0.09999128431081772,0.10001785308122635,0.10000913590192795,0.09999970346689224,0.1000053882598877,0.10000155121088028,0.09999474883079529
80.0,80.0,80.0,0.012525636702775955,0.012487238273024559,0.012500256299972534,1.0,0.2,0.9630379676818848,0.85,36000,2.966054677963257,1.0058366060256958,0.12307621538639069,1.0,0.09999663382768631,0.09999701380729675,0.10000217705965042,0.09999258816242218,0.10000266134738922,0.10000158846378326,0.10000354796648026,0.10000508278608322,0.09999990463256836,0.09999879449605942
80.0,80.0,80.0,0.011681805364787579,0.011634714901447296,0.011656154878437519,1.0,0.2,0.9630379676818848,0.85,36500,2.980184316635132,1.070321798324585,0.16345547139644623,1.0,0.10000570118427277,0.09999146312475204,0.10000824928283691,0.1000000536441803,0.09997592866420746,0.10001514852046967,0.10000728070735931,0.09999954700469971,0.0999971255660057,0.09999950230121613
80.0,80.0,80.0,0.012554952874779701,0.012519491836428642,0.012529644183814526,1.0,0.2,0.9630379676818848,0.85,37000,2.7704498767852783,1.0487091541290283,0.11337724328041077,0.9999998807907104,0.09998469054698944,0.09999498724937439,0.09999541193246841,0.09999538958072662,0.1000182032585144,0.1000031977891922,0.10001026093959808,0.09999877214431763,0.09999825060367584,0.10000083595514297
80.0,80.0,80.0,0.012021956965327263,0.011983093805611134,0.011996636167168617,1.0,0.2,0.9630379676818848,0.85,37500,2.5511271953582764,1.0000396966934204,0.34852829575538635,0.9999998807907104,0.09999017417430878,0.10000166296958923,0.09999113529920578,0.09999741613864899,0.10003083944320679,0.10000520944595337,0.09998676180839539,0.09999890625476837,0.09999401122331619,0.10000389814376831
80.0,80.0,80.0,0.012876915745437145,0.012386643327772617,0.012841731309890747,1.0,0.2,0.9630379676818848,0.85,38000,2.9827041625976562,1.0669164657592773,0.0710875391960144,0.9998899102210999,0.09900173544883728,0.09608377516269684,0.10093823075294495,0.1012110561132431,0.09606404602527618,0.10248714685440063,0.10000595450401306,0.10097150504589081,0.10022609680891037,0.10301043093204498
80.0,80.0,80.0,0.011365690268576145,0.011325500905513763,0.011337876319885254,1.0,0.2,0.9630379676818848,0.85,38500,2.801581859588623,1.0475170612335205,0.07625135034322739,1.0000001192092896,0.10000097751617432,0.09997902810573578,0.10000565648078918,0.09999452531337738,0.10002865642309189,0.09999958425760269,0.10000081360340118,0.09999538958072662,0.10000114887952805,0.09999421238899231
80.0,80.0,80.0,0.012349763885140419,0.012296830303966999,0.012323780916631222,1.0,0.2,0.9630379676818848,0.85,39000,2.8130857944488525,1.0179023742675781,0.025352485477924347,1.0,0.10000398755073547,0.10001885890960693,0.1000002771615982,0.10001163184642792,0.09990524500608444,0.09999990463256836,0.10003505647182465,0.10001157224178314,0.10000264644622803,0.10001084208488464
80.0,80.0,80.0,0.01199601124972105,0.011938842013478279,0.011968879029154778,1.0,0.2,0.9630379676818848,0.85,39500,2.8490052223205566,1.0282845497131348,0.20589077472686768,1.0,0.10000530630350113,0.10003818571567535,0.10002216696739197,0.09997482597827911,0.09997296333312988,0.09998888522386551,0.09998931735754013,0.10000541061162949,0.09999942034482956,0.10000354051589966
80.0,80.0,80.0,0.013349390588700771,0.0133094172924757,0.01332393940538168,1.0,0.2,0.9630379676818848,0.85,40000,2.833475351333618,1.0114173889160156,0.04928610846400261,0.9999998807907104,0.09999661147594452,0.10001334547996521,0.09999003261327744,0.10000878572463989,0.1000155359506607,0.09999740123748779,0.09999700635671616,0.09999196231365204,0.09999547153711319,0.09999386966228485
80.0,80.0,80.0,0.01220331434160471,0.012017803266644478,0.012130223214626312,1.0,0.2,0.9630379676818848,0.85,40500,2.598989486694336,1.018552541732788,0.15976254642009735,0.9999995827674866,0.09977754205465317,0.10008362680673599,0.09990521520376205,0.10013234615325928,0.10020601749420166,0.10014744102954865,0.1000087633728981,0.10007350146770477,0.09992606192827225,0.09973949193954468
80.0,80.0,80.0,0.013269389048218727,0.01323552057147026,0.013244065456092358,1.0,0.2,0.9630379676818848,0.85,41000,2.88332462310791,1.015809416770935,0.09404975175857544,1.0,0.10000205039978027,0.10000339150428772,0.10000410676002502,0.10000323504209518,0.10000531375408173,0.09999793767929077,0.09999465942382812,0.09998863190412521,0.10000532865524292,0.09999532252550125
80.0,80.0,80.0,0.01237273495644331,0.012286216020584106,0.01234460435807705,1.0,0.2,0.9630379676818848,0.85,41500,2.743760585784912,0.9905517101287842,0.13013207912445068,1.0000001192092896,0.10007515549659729,0.09999696165323257,0.10000135004520416,0.09997378289699554,0.09999574720859528,0.1000291183590889,0.09993629902601242,0.09997302293777466,0.10001122951507568,0.10000738501548767
80.0,80.0,80.0,0.01238265447318554,0.012345079332590103,0.012357360683381557,1.0,0.2,0.9630379676818848,0.85,42000,2.9335544109344482,1.0539244413375854,0.042357366532087326,1.0,0.09999897330999374,0.09999576210975647,0.10000777244567871,0.10000352561473846,0.09999965131282806,0.10000044852495193,0.1000053733587265,0.09999221563339233,0.10000380873680115,0.09999248385429382
80.0,80.0,80.0,0.012033742852509022,0.011999094858765602,0.012008383870124817,1.0,0.2,0.9630379676818848,0.85,42500,2.9583232402801514,1.0877373218536377,0.32068437337875366,0.9999998807907104,0.09999524056911469,0.09999902546405792,0.09999855607748032,0.10001305490732193,0.09999147057533264,0.10000098496675491,0.10000305622816086,0.10000196099281311,0.09999820590019226,0.09999843686819077
80.0,80.0,80.0,0.011044257320463657,0.011010628193616867,0.011019006371498108,1.0,0.2,0.9630379676818848,0.85,43000,2.914109468460083,1.0615257024765015,0.619318425655365,1.0,0.09999550879001617,0.0999981015920639,0.09999983012676239,0.10000424087047577,0.09999905526638031,0.10000434517860413,0.10000090301036835,0.09999413788318634,0.10000135749578476,0.10000250488519669
80.0,80.0,80.0,0.011349503882229328,0.011279946193099022,0.011322538368403912,1.0,0.2,0.9630379676818848,0.85,43500,2.9426486492156982,1.10077702999115,0.3015463948249817,0.9999998807907104,0.10001315176486969,0.09999680519104004,0.09998802840709686,0.0999966710805893,0.10002460330724716,0.09999915957450867,0.09997860342264175,0.09996892511844635,0.10002890229225159,0.10000517964363098
80.0,80.0,80.0,0.012054254300892353,0.01202019490301609,0.012029032222926617,1.0,0.2,0.9630379676818848,0.85,44000,2.9117772579193115,1.025701880455017,0.06929698586463928,0.9999998807907104,0.10000119358301163,0.10000154376029968,0.09999772906303406,0.0999942272901535,0.10000144690275192,0.10000578314065933,0.09999687969684601,0.09999286383390427,0.10000171512365341,0.10000661015510559
80.0,80.0,80.0,0.012457563541829586,0.01241663470864296,0.012432199902832508,1.0,0.2,0.9630379676818848,0.85,44500,2.405318021774292,0.9926122426986694,0.35948577523231506,1.0,0.10002101957798004,0.0999850183725357,0.10001378506422043,0.0999944731593132,0.1000007838010788,0.09999708086252213,0.09998463839292526,0.10000213980674744,0.09999118745326996,0.10000987350940704
80.0,80.0,80.0,0.012389562092721462,0.012334857136011124,0.012363356538116932,1.0,0.2,0.9630379676818848,0.85,45000,2.4313557147979736,0.9812915325164795,0.10634756088256836,1.0,0.10002566874027252,0.1000051200389862,0.10000665485858917,0.09995336830615997,0.10005620867013931,0.10002869367599487,0.09999219328165054,0.09994078427553177,0.09997127205133438,0.10002003610134125
80.0,80.0,80.0,0.012281188741326332,0.01224656030535698,0.012255915440618992,1.0,0.2,0.9630379676818848,0.85,45500,2.92113995552063,1.0853734016418457,0.046302489936351776,1.0,0.09999841451644897,0.10000238567590714,0.10001428425312042,0.09999655187129974,0.09999700635671616,0.09999831765890121,0.09999978542327881,0.09999921917915344,0.09999552369117737,0.09999851137399673
80.0,80.0,80.0,0.014092907309532166,0.01404893584549427,0.014067554846405983,1.0,0.2,0.9630379676818848,0.85,46000,2.760070562362671,1.019212245941162,0.0734323263168335,1.0,0.10000191628932953,0.09999866783618927,0.10002448409795761,0.10000663995742798,0.09998545050621033,0.09999457001686096,0.09999916702508926,0.10000287741422653,0.09999392926692963,0.09999224543571472
80.0,80.0,80.0,0.012394789606332779,0.012355499900877476,0.012369493953883648,1.0,0.2,0.9630379676818848,0.85,46500,2.836113214492798,1.067781686782837,0.19551970064640045,1.0,0.10000856220722198,0.09999609738588333,0.10000144690275192,0.09999912977218628,0.0999981239438057,0.09999559074640274,0.0999923124909401,0.09999381005764008,0.1000211238861084,0.09999385476112366
80.0,80.0,80.0,0.01289959717541933,0.012866493314504623,0.012874366715550423,1.0,0.2,0.9630379676818848,0.85,47000,2.980544090270996,0.9875468015670776,0.26909562945365906,0.9999998807907104,0.10000300407409668,0.09999066591262817,0.09999778866767883,0.1000014990568161,0.09999692440032959,0.09999953210353851,0.10000105202198029,0.10000181198120117,0.10000497102737427,0.10000275075435638
80.0,80.0,80.0,0.01222049631178379,0.012186037376523018,0.012195223942399025,1.0,0.2,0.9630379676818848,0.85,47500,2.9526290893554688,1.029151439666748,0.12329085171222687,0.9999998807907104,0.09999679028987885,0.09999142587184906,0.10001052916049957,0.09999096393585205,0.0999978631734848,0.10000680387020111,0.09999877214431763,0.10000113397836685,0.10000523179769516,0.10000049322843552
80.0,80.0,80.0,0.012073715217411518,0.011966211721301079,0.012043087743222713,1.0,0.2,0.9630379676818848,0.85,48000,2.5684814453125,1.030116081237793,0.2408025562763214,0.9999995827674866,0.10006233304738998,0.10007137805223465,0.1000887006521225,0.10003656893968582,0.10008648037910461,0.10002151876688004,0.09977789223194122,0.10008592158555984,0.09972406178712845,0.10004512220621109
80.0,80.0,80.0,0.012499031610786915,0.012450996786355972,0.01247341651469469,1.0,0.2,0.9630379676818848,0.85,48500,2.6826443672180176,1.012523889541626,0.24314895272254944,1.0,0.09998709708452225,0.09999382495880127,0.09999112784862518,0.09999910742044449,0.09998182207345963,0.1000010296702385,0.10002653300762177,0.09999435395002365,0.10003414750099182,0.09999095648527145
80.0,80.0,80.0,0.011579104699194431,0.011538960970938206,0.011553737334907055,1.0,0.2,0.9630379676818848,0.85,49000,2.695774555206299,1.0618054866790771,0.09970374405384064,1.0,0.09999505430459976,0.099995456635952,0.10001637041568756,0.10000256448984146,0.09999042004346848,0.10000021755695343,0.09999503940343857,0.0999939888715744,0.10002116113901138,0.09998973459005356
80.0,80.0,80.0,0.013375124894082546,0.013224627822637558,0.013344335369765759,1.0,0.2,0.9630379676818848,0.85,49500,2.6778626441955566,1.044123649597168,0.045716047286987305,0.9999997019767761,0.10002527385950089,0.10006260871887207,0.10013854503631592,0.10007359832525253,0.09996187686920166,0.09986661374568939,0.09980469942092896,0.10000530630350113,0.09987301379442215,0.10018846392631531
80.0,80.0,80.0,0.012203081510961056,0.012167082168161869,0.012176486663520336,1.0,0.2,0.9630379676818848,0.85,50000,2.9811806678771973,1.0129170417785645,0.21358579397201538,1.0,0.10000273585319519,0.09999413043260574,0.09999552369117737,0.09999501705169678,0.10000121593475342,0.10000590234994888,0.10000443458557129,0.09999930113554001,0.10000122338533401,0.10000051558017731
80.0,80.0,80.0,0.012506323866546154,0.012471014633774757,0.012481021694839,1.0,0.2,0.9630379676818848,0.85,50500,2.961141586303711,1.0099692344665527,0.21417103707790375,1.0,0.10001089423894882,0.10000322014093399,0.10000012814998627,0.10000371932983398,0.10000006854534149,0.09998999536037445,0.10000335425138474,0.09998970478773117,0.10000362247228622,0.09999527037143707
80.0,80.0,80.0,0.011022701859474182,0.010989082977175713,0.010997394099831581,1.0,0.2,0.9630379676818848,0.85,51000,2.976823091506958,1.0844378471374512,0.3327859342098236,1.0,0.09999995678663254,0.09999936819076538,0.10000258684158325,0.10000911355018616,0.09999287873506546,0.10000748187303543,0.09999670833349228,0.09999645501375198,0.09999710321426392,0.099998340010643
80.0,80.0,80.0,0.013158963061869144,0.012959199026226997,0.013122977688908577,1.0,0.2,0.9630379676818848,0.85,51500,2.949709177017212,1.0317251682281494,0.044947315007448196,0.9999977350234985,0.10018160194158554,0.10004862397909164,0.1002749502658844,0.10002624243497849,0.09963714331388474,0.09918221086263657,0.10024432092905045,0.10018843412399292,0.10015635937452316,0.10006008297204971
80.0,80.0,80.0,0.012669921852648258,0.012632705271244049,0.01264459639787674,1.0,0.2,0.9630379676818848,0.85,52000,2.874422073364258,1.0451371669769287,0.04949714615941048,1.0,0.10000480711460114,0.10000061988830566,0.10000161826610565,0.10001571476459503,0.09998056292533875,0.10002215951681137,0.09999243915081024,0.09998185187578201,0.10000014305114746,0.10000008344650269
80.0,80.0,80.0,0.01188194565474987,0.011845121160149574,0.011856568045914173,1.0,0.2,0.9630379676818848,0.85,52500,2.954326629638672,1.061692476272583,0.35566991567611694,1.0,0.09999078512191772,0.10000558942556381,0.10000122338533401,0.10000509023666382,0.0999874547123909,0.10000847280025482,0.09999695420265198,0.10000425577163696,0.100002221763134,0.09999796748161316
80.0,80.0,80.0,0.012056531384587288,0.01192293781787157,0.012027161195874214,1.0,0.2,0.9630379676818848,0.85,53000,2.779820680618286,1.0291802883148193,0.06705447286367416,0.9999997019767761,0.10007043182849884,0.10004521161317825,0.1000773161649704,0.09970922768115997,0.1000179648399353,0.10000336915254593,0.10010555386543274,0.1000622883439064,0.09998978674411774,0.09991884231567383
80.0,80.0,80.0,0.013081195764243603,0.013036629185080528,0.013055482879281044,1.0,0.2,0.9630379676818848,0.85,53500,2.8490796089172363,0.995600700378418,0.04639106243848801,1.0,0.09999440610408783,0.0999993234872818,0.09999196231365204,0.1000097468495369,0.09999429434537888,0.10001231729984283,0.10001929104328156,0.09999267011880875,0.09999479353427887,0.09999118000268936
80.0,80.0,80.0,0.012587719596922398,0.012547692283987999,0.012562316842377186,1.0,0.2,0.9630379676818848,0.85,54000,2.7389533519744873,0.9941756129264832,0.04272135719656944,0.9999998807907104,0.09999515116214752,0.10000263899564743,0.09998615831136703,0.10001245141029358,0.10001049190759659,0.10001473128795624,0.09998700022697449,0.10001706331968307,0.09998895227909088,0.09998535364866257
80.0,80.0,80.0,0.012153016403317451,0.01195845939218998,0.012120245955884457,1.0,0.2,0.9630379676818848,0.85,54500,2.906367778778076,1.0169063806533813,0.225986048579216,0.9999987483024597,0.09991568326950073,0.0998733788728714,0.10003218054771423,0.10038973391056061,0.09960382431745529,0.10044176131486893,0.10002505779266357,0.09998366236686707,0.09977202862501144,0.09996270388364792
80.0,80.0,80.0,0.012840588577091694,0.012802494689822197,0.012815268710255623,1.0,0.2,0.9630379676818848,0.85,55000,2.901245594024658,1.0534875392913818,0.10810771584510803,0.9999998807907104,0.09999813139438629,0.09999298304319382,0.09999745339155197,0.1000063568353653,0.10000382363796234,0.09998463839292526,0.09999822825193405,0.10001152008771896,0.10000351816415787,0.10000333189964294
80.0,80.0,80.0,0.013084924779832363,0.013050088658928871,0.013059592805802822,1.0,0.2,0.9630379676818848,0.85,55500,2.6821086406707764,1.012427568435669,0.0549439862370491,0.9999998807907104,0.09999346733093262,0.09999856352806091,0.09999295324087143,0.1000060886144638,0.09999743103981018,0.10000233352184296,0.09999862313270569,0.1000051274895668,0.09999211132526398,0.10001327097415924
80.0,80.0,80.0,0.011619536206126213,0.011571335606276989,0.011593921110033989,1.0,0.2,0.9630379676818848,0.85,56000,2.9481444358825684,1.0740885734558105,0.29830169677734375,1.0,0.09998585283756256,0.10000263154506683,0.10000331699848175,0.10001470148563385,0.09999554604291916,0.09999415278434753,0.09999196231365204,0.10001661628484726,0.09999721497297287,0.09999799728393555
80.0,80.0,80.0,0.012268689461052418,0.012233974412083626,0.012243416160345078,1.0,0.2,0.9630379676818848,0.85,56500,2.6496593952178955,1.033219814300537,0.1246347427368164,1.0000001192092896,0.09999851882457733,0.0999978631734848,0.09999921917915344,0.10000443458557129,0.09999515861272812,0.1000007912516594,0.09999781847000122,0.10000687837600708,0.09999685734510422,0.1000024825334549
80.0,80.0,80.0,0.01252829935401678,0.012464676052331924,0.012501172721385956,1.0,0.2,0.9630379676818848,0.85,57000,2.8375372886657715,1.0277929306030273,0.12570445239543915,1.0,0.0999826043844223,0.10002487897872925,0.10000844299793243,0.10003411024808884,0.10000684857368469,0.10000599920749664,0.09998485445976257,0.09993840754032135,0.1000082716345787,0.10000558197498322
80.0,80.0,80.0,0.012640179134905338,0.012604063376784325,0.012614908628165722,1.0,0.2,0.9630379676818848,0.85,57500,2.9981465339660645,1.0532671213150024,0.05040598660707474,1.0,0.09999507665634155,0.10000281780958176,0.10000517219305038,0.10000063478946686,0.09998886287212372,0.09999983757734299,0.10001342743635178,0.10000111907720566,0.10000066459178925,0.09999237954616547
80.0,80.0,80.0,0.011613037437200546,0.011579255573451519,0.011587878689169884,1.0,0.2,0.9630379676818848,0.85,58000,2.803478479385376,1.049656867980957,0.14133566617965698,1.0,0.10000184178352356,0.10000194609165192,0.09999304264783859,0.09999939054250717,0.10000577569007874,0.09999099373817444,0.09999945014715195,0.10000894963741302,0.10000069439411163,0.09999792277812958
80.0,80.0,80.0,0.01427902840077877,0.01424269936978817,0.014253810048103333,1.0,0.2,0.9630379676818848,0.85,58500,2.999652862548828,1.040299892425537,0.02968107908964157,1.0,0.10000117868185043,0.10000404715538025,0.1000022143125534,0.1000041663646698,0.09999280422925949,0.10000208020210266,0.09999480843544006,0.09998773783445358,0.1000015065073967,0.10000947117805481
80.0,80.0,80.0,0.012488547712564468,0.012449359521269798,0.012463248334825039,1.0,0.2,0.9630379676818848,0.85,59000,2.8783538341522217,1.069003701210022,0.07778435200452805,1.0,0.10000145435333252,0.0999966710805893,0.10000896453857422,0.10000419616699219,0.10000240057706833,0.09999687969684601,0.09999816864728928,0.099979929625988,0.10000455379486084,0.10000676661729813
80.0,80.0,80.0,0.012124949134886265,0.012082225643098354,0.012099482119083405,1.0,0.2,0.9630379676818848,0.85,59500,2.9621551036834717,1.0595051050186157,0.06690052151679993,1.0,0.10000715404748917,0.09999741613864899,0.09999196231365204,0.09998786449432373,0.10000360012054443,0.1000114157795906,0.10000956058502197,0.10001933574676514,0.0999937355518341,0.09997794777154922
80.0,80.0,80.0,0.01261805184185505,0.012571873143315315,0.012592154555022717,1.0,0.2,0.9630379676818848,0.85,60000,2.9178669452667236,1.0479236841201782,0.15566015243530273,1.0,0.10001824796199799,0.0999765545129776,0.09998975694179535,0.099988654255867,0.10000275075435638,0.09999726712703705,0.10000835359096527,0.09999631345272064,0.10000371932983398,0.10001839697360992
80.0,80.0,80.0,0.012063388712704182,0.012030426412820816,0.012038103304803371,1.0,0.2,0.9630379676818848,0.85,60500,2.991295099258423,1.0801820755004883,0.17014090716838837,1.0,0.09999021887779236,0.10000307857990265,0.10000499337911606,0.1000044047832489,0.09999439865350723,0.10001382976770401,0.09999040514230728,0.09999828785657883,0.09999727457761765,0.10000310838222504
80.0,80.0,80.0,0.012767058797180653,0.012578479945659637,0.012730458751320839,1.0,0.2,0.9630379676818848,0.85,61000,2.571429491043091,1.0004867315292358,0.07742857187986374,0.9999984502792358,0.10030098259449005,0.10021458566188812,0.10004463791847229,0.10009735822677612,0.09994669258594513,0.10003573447465897,0.10002084076404572,0.10006929934024811,0.10003767162561417,0.09923219680786133
80.0,80.0,80.0,0.01113926898688078,0.011106892488896847,0.011114004999399185,1.0,0.2,0.9630379676818848,0.85,61500,2.9603476524353027,1.092298150062561,0.26102215051651,1.0,0.0999947339296341,0.10000444948673248,0.0999976098537445,0.10000202804803848,0.10000091791152954,0.10000228881835938,0.0999976173043251,0.09999561309814453,0.09999625384807587,0.10000848025083542
80.0,80.0,80.0,0.014391569420695305,0.014353716745972633,0.014366350136697292,1.0,0.2,0.9630379676818848,0.85,62000,2.7534563541412354,0.9681601524353027,0.07519195228815079,1.0,0.09999644756317139,0.09999558329582214,0.09999863058328629,0.10000000149011612,0.10001134872436523,0.10000167787075043,0.10000374168157578,0.09999449551105499,0.09999619424343109,0.10000190138816833
80.0,80.0,80.0,0.011347223073244095,0.01131435763090849,0.011321870610117912,1.0,0.2,0.9630379676818848,0.85,62500,2.661356210708618,1.0967731475830078,0.09870199859142303,1.0,0.09999961405992508,0.10000497102737427,0.0999995693564415,0.09999948740005493,0.09999878704547882,0.09999655187129974,0.0999995544552803,0.10000760108232498,0.09999154508113861,0.10000231117010117
80.0,80.0,80.0,0.0117728216573596,0.01173703745007515,0.01174758281558752,1.0,0.2,0.9630379676818848,0.85,63000,2.4185092449188232,1.0027275085449219,0.42724838852882385,1.0,0.10000011324882507,0.10000491142272949,0.09999170899391174,0.10000225901603699,0.09999850392341614,0.10000075399875641,0.1000094786286354,0.09999970346689224,0.09999527782201767,0.09999728202819824
80.0,80.0,80.0,0.013316544704139233,0.013283824548125267,0.013291286304593086,1.0,0.2,0.9630379676818848,0.85,63500,2.685549020767212,1.025010347366333,0.10097384452819824,1.0,0.0999952033162117,0.10000091791152954,0.09999299049377441,0.09999489784240723,0.09999928623437881,0.09999643266201019,0.10001254081726074,0.10000297427177429,0.1000075489282608,0.09999720752239227
80.0,80.0,80.0,0.012510878033936024,0.01217077299952507,0.012484448030591011,1.0,0.2,0.9630379676818848,0.85,64000,2.554093837738037,1.0272774696350098,0.09537488222122192,0.9999669790267944,0.10131406038999557,0.09898717701435089,0.10127676278352737,0.10037989914417267,0.1015002503991127,0.1005893126130104,0.09928500652313232,0.09910392761230469,0.09740743041038513,0.10015614330768585
80.0,80.0,80.0,0.01437079906463623,0.014297745190560818,0.014343512244522572,1.0,0.2,0.9630379676818848,0.85,64500,2.8573687076568604,0.9726395606994629,0.04391616955399513,1.0,0.10002776980400085,0.09998202323913574,0.10000459104776382,0.09997639060020447,0.10002541542053223,0.09998752176761627,0.1000257283449173,0.09998305141925812,0.1000070571899414,0.09998045861721039
80.0,80.0,80.0,0.011888588778674603,0.011839470826089382,0.01186263095587492,1.0,0.2,0.9630379676818848,0.85,65000,2.9190917015075684,1.0774409770965576,0.1185237318277359,1.0,0.09999842941761017,0.10000572353601456,0.09998916834592819,0.09999270737171173,0.09998156130313873,0.09999511390924454,0.099995918571949,0.10003198683261871,0.10000425577163696,0.1000051349401474
80.0,80.0,80.0,0.012704103253781796,0.012668888084590435,0.012678766623139381,1.0,0.2,0.9630379676818848,0.85,65500,2.8921077251434326,1.0750294923782349,0.14751498401165009,1.0,0.09999945014715195,0.0999937430024147,0.10000145435333252,0.10000508278608322,0.09999965876340866,0.09999881684780121,0.10000420361757278,0.10000105202198029,0.10000040382146835,0.09999614953994751
80.0,80.0,80.0,0.01247160043567419,0.012434752658009529,0.012446309439837933,1.0,0.2,0.9630379676818848,0.85,66000,2.887950897216797,1.074289321899414,0.11055855453014374,1.0000001192092896,0.09998815506696701,0.10000830143690109,0.09999353438615799,0.09999705851078033,0.10001210123300552,0.09999461472034454,0.10000977665185928,0.0999964252114296,0.10001016408205032,0.0999898761510849
80.0,80.0,80.0,0.010935429483652115,0.010902167297899723,0.010910226963460445,1.0,0.2,0.9630379676818848,0.85,66500,2.8672285079956055,1.1237154006958008,0.2740825414657593,1.0,0.09999962151050568,0.10000006854534149,0.10000070184469223,0.10000645369291306,0.09999454021453857,0.0999947041273117,0.09999500215053558,0.09999961405992508,0.10000567883253098,0.10000362992286682
80.0,80.0,80.0,0.012817617505788803,0.012742700055241585,0.012789598666131496,1.0,0.2,0.9630379676818848,0.85,67000,2.722651243209839,1.0858700275421143,0.07712388038635254,0.9999998211860657,0.09983910620212555,0.10004492104053497,0.10002123564481735,0.10001186281442642,0.10005074739456177,0.10005416721105576,0.10006128996610641,0.09986109286546707,0.10000600665807724,0.10004953294992447
80.0,80.0,80.0,0.012757232412695885,0.012711210176348686,0.012731567025184631,1.0,0.2,0.9630379676818848,0.85,67500,2.9394643306732178,0.9902512431144714,0.08381122350692749,0.9999998807907104,0.09998612850904465,0.1000223234295845,0.10000208765268326,0.10001292079687119,0.0999978706240654,0.09995502233505249,0.10001469403505325,0.10000535845756531,0.10000994801521301,0.09999365359544754
80.0,80.0,80.0,0.012555472552776337,0.012488340958952904,0.012527832761406898,1.0,0.2,0.9630379676818848,0.85,68000,2.8200457096099854,1.0498716831207275,0.051022835075855255,1.0,0.10001204907894135,0.10001982748508453,0.09995158016681671,0.10001133382320404,0.0999913290143013,0.10000304877758026,0.10000553727149963,0.1000404804944992,0.09998741000890732,0.09997740387916565
80.0,80.0,80.0,0.011313743889331818,0.011280032806098461,0.011288470588624477,1.0,0.2,0.9630379676818848,0.85,68500,2.932920455932617,1.0583264827728271,0.12065078318119049,1.0,0.09999744594097137,0.09999793022871017,0.09999601542949677,0.10000485926866531,0.10000073909759521,0.10000378638505936,0.10000070929527283,0.10000761598348618,0.09999804198741913,0.09999285638332367
80.0,80.0,80.0,0.012246739119291306,0.01215372420847416,0.01221699919551611,1.0,0.2,0.9630379676818848,0.85,69000,2.9866318702697754,1.031522274017334,0.20039425790309906,0.9999998211860657,0.10012038052082062,0.09977366030216217,0.09999460726976395,0.09996037185192108,0.09998273849487305,0.10007129609584808,0.1000324934720993,0.10007530450820923,0.1000095084309578,0.09997963160276413
80.0,80.0,80.0,0.011815308593213558,0.011778942309319973,0.011790066957473755,1.0,0.2,0.9630379676818848,0.85,69500,2.683854341506958,1.0727856159210205,0.2681630849838257,1.0,0.10000031441450119,0.09999985992908478,0.10001054406166077,0.09999562799930573,0.09999826550483704,0.10000619292259216,0.09999534487724304,0.10000239312648773,0.0999981015920639,0.09999335557222366
80.0,80.0,80.0,0.012544582597911358,0.012503285892307758,0.012519138865172863,1.0,0.2,0.9630379676818848,0.85,70000,2.808763265609741,1.0242189168930054,0.06769141554832458,1.0,0.10000576823949814,0.1000002920627594,0.09999898076057434,0.10000075399875641,0.10000132769346237,0.09998888522386551,0.0999927967786789,0.10000616312026978,0.09999862313270569,0.10000637173652649
80.0,80.0,80.0,0.012556047178804874,0.012513559311628342,0.012530544772744179,1.0,0.2,0.9630379676818848,0.85,70500,2.831564426422119,1.0367639064788818,0.030061643570661545,1.0,0.10000587999820709,0.10000178962945938,0.10000919550657272,0.09998959302902222,0.09998681396245956,0.10000938177108765,0.09999126195907593,0.09999649226665497,0.10000468790531158,0.1000049039721489
80.0,80.0,80.0,0.012923656962811947,0.01289085391908884,0.012898433022201061,1.0,0.2,0.9630379676818848,0.85,71000,2.7986154556274414,1.0311448574066162,0.05714036524295807,1.0,0.09999190270900726,0.10000158101320267,0.09999815374612808,0.09999440610408783,0.09999774396419525,0.10000208020210266,0.10000632703304291,0.10000701993703842,0.09999792277812958,0.10000286996364594
80.0,80.0,80.0,0.01429537683725357,0.01426037959754467,0.014270088635385036,1.0,0.2,0.9630379676818848,0.85,71500,2.9001502990722656,0.9676382541656494,0.22807225584983826,0.9999998807907104,0.09999443590641022,0.09998909384012222,0.10001295059919357,0.09999554604291916,0.10000690072774887,0.10000933706760406,0.09998496621847153,0.10000719130039215,0.10000231862068176,0.09999725222587585
80.0,80.0,80.0,0.011603977531194687,0.011570818722248077,0.011578483507037163,1.0,0.2,0.9630379676818848,0.85,72000,2.7255492210388184,1.010050654411316,0.38760438561439514,1.0,0.10000251233577728,0.09999684989452362,0.10000791400671005,0.09999780356884003,0.09999750554561615,0.0999951958656311,0.1000029593706131,0.0999981015920639,0.09999653697013855,0.1000046357512474
80.0,80.0,80.0,0.012976037338376045,0.012931483797729015,0.012950471602380276,1.0,0.2,0.9630379676818848,0.85,72500,2.942763566970825,1.0822672843933105,0.042138926684856415,1.0,0.1000015139579773,0.1000003069639206,0.10001853108406067,0.09998489171266556,0.09999796003103256,0.10000595450401306,0.10001164674758911,0.09999093413352966,0.0999920666217804,0.09999620169401169
80.0,80.0,80.0,0.012729582376778126,0.012692214921116829,0.012704307213425636,1.0,0.2,0.9630379676818848,0.85,73000,2.9649267196655273,1.0307503938674927,0.15593348443508148,1.0,0.09999585151672363,0.09998887777328491,0.10002511739730835,0.10000903904438019,0.09999331831932068,0.09999200701713562,0.10000185668468475,0.10000193864107132,0.09999780356884003,0.09999420493841171
80.0,80.0,80.0,0.01300567202270031,0.012343388982117176,0.012965827248990536,1.0,0.2,0.9630379676818848,0.85,73500,2.5508742332458496,1.0376927852630615,0.6582289934158325,0.9998082518577576,0.09465888887643814,0.10032273828983307,0.10435948520898819,0.09876059740781784,0.10114966332912445,0.10176602005958557,0.10036482661962509,0.09924925118684769,0.10377512872219086,0.0955934077501297
80.0,80.0,80.0,0.011929638683795929,0.011891517788171768,0.011904251761734486,1.0,0.2,0.9630379676818848,0.85,74000,2.8863532543182373,1.0448596477508545,0.27922824025154114,1.0,0.09999868273735046,0.10000155866146088,0.10001176595687866,0.10000251233577728,0.10000868886709213,0.09999921172857285,0.09999890625476837,0.09999130666255951,0.0999983474612236,0.09998900443315506
80.0,80.0,80.0,0.011115585453808308,0.011083630844950676,0.011090378277003765,1.0,0.2,0.9630379676818848,0.85,74500,2.956169843673706,1.0585081577301025,0.31212639808654785,1.0,0.10001125186681747,0.09999483078718185,0.10000533610582352,0.10000137984752655,0.09999513626098633,0.09999579191207886,0.10000089555978775,0.09999983012676239,0.09999186545610428,0.10000373423099518
80.0,80.0,80.0,0.012743091210722923,0.012667659670114517,0.012715301476418972,1.0,0.2,0.9630379676818848,0.85,75000,2.94033145904541,1.0514445304870605,0.020561853423714638,1.0,0.10003077983856201,0.09999842941761017,0.10000288486480713,0.09992249310016632,0.09997980296611786,0.10005524754524231,0.09996917843818665,0.09999865293502808,0.10000737011432648,0.100035160779953
80.0,80.0,80.0,0.012151721864938736,0.012111235409975052,0.012126319110393524,1.0,0.2,0.9630379676818848,0.85,75500,2.7542691230773926,1.0386234521865845,0.22605706751346588,1.0,0.10000300407409668,0.0999821349978447,0.10000862926244736,0.10000082105398178,0.09999032318592072,0.09999661147594452,0.10002006590366364,0.09998252987861633,0.10000129044055939,0.1000145673751831
80.0,80.0,80.0,0.013067842461168766,0.01303483173251152,0.013042640872299671,1.0,0.2,0.9630379676818848,0.85,76000,2.452561855316162,1.0059430599212646,0.17168578505516052,1.0,0.09999987483024597,0.0999959334731102,0.09999964386224747,0.1000019758939743,0.09999781847000122,0.09999702870845795,0.10000324249267578,0.09999838471412659,0.10000225901603699,0.10000386834144592
80.0,80.0,80.0,0.01171110849827528,0.011635303497314453,0.011683772318065166,1.0,0.2,0.9630379676818848,0.85,76500,2.9826223850250244,1.02907133102417,0.15520642697811127,1.0,0.10005032271146774,0.10002253949642181,0.1000400260090828,0.10002224892377853,0.09994211792945862,0.09996132552623749,0.09990645200014114,0.10001842677593231,0.0999988242983818,0.10003767907619476
80.0,80.0,80.0,0.013156555593013763,0.013122852891683578,0.013131442479789257,1.0,0.2,0.9630379676818848,0.85,77000,2.9484448432922363,1.053093671798706,0.10791733860969543,0.9999998807907104,0.10000202804803848,0.09999851882457733,0.09999468177556992,0.10000400245189667,0.10000421106815338,0.09999457746744156,0.10000781714916229,0.09999964386224747,0.09999801218509674,0.09999648481607437
80.0,80.0,80.0,0.013995029032230377,0.013954127207398415,0.013969674706459045,1.0,0.2,0.9630379676818848,0.85,77500,2.9709503650665283,1.0225200653076172,0.0625610202550888,0.9999998807907104,0.10000491887331009,0.09999571740627289,0.10000547021627426,0.09999394416809082,0.10001976788043976,0.09998749941587448,0.0999956727027893,0.09999498724937439,0.09999854117631912,0.10000348836183548
80.0,80.0,80.0,0.011915776878595352,0.011802668683230877,0.011884828098118305,1.0,0.2,0.9630379676818848,0.85,78000,2.73156476020813,1.0175385475158691,0.11790546774864197,0.9999998807907104,0.10000284761190414,0.10004701465368271,0.09979963302612305,0.10004892945289612,0.10012976080179214,0.1000499427318573,0.09990943968296051,0.10001004487276077,0.10003896802663803,0.09996343404054642
80.0,80.0,80.0,0.011987948790192604,0.011950617656111717,0.011962689459323883,1.0,0.2,0.9630379676818848,0.85,78500,2.867074489593506,1.0126559734344482,0.15331783890724182,1.0,0.09999808669090271,0.09999924898147583,0.10002166777849197,0.09999661147594452,0.10000001639127731,0.09999549388885498,0.1000073254108429,0.09999574720859528,0.09999354183673859,0.09999227523803711
80.0,80.0,80.0,0.013127095066010952,0.013090712018311024,0.013101783581078053,1.0,0.2,0.9630379676818848,0.85,79000,2.9998788833618164,1.0502054691314697,0.031074631959199905,1.0,0.09999217092990875,0.09999905526638031,0.10001412779092789,0.09999856352806091,0.10001736879348755,0.1000002846121788,0.09999188035726547,0.09999612718820572,0.09999492019414902,0.09999551624059677
80.0,80.0,80.0,0.012165559455752373,0.012129969894886017,0.012140384875237942,1.0,0.2,0.9630379676818848,0.85,79500,2.8595306873321533,1.020164132118225,0.14011017978191376,1.0,0.09999220073223114,0.09999744594097137,0.10000939667224884,0.09999946504831314,0.09999779611825943,0.09999650716781616,0.10001662373542786,0.09999426454305649,0.09999940544366837,0.09999692440032959
80.0,80.0,80.0,0.011666509322822094,0.011633524671196938,0.011641301214694977,1.0,0.2,0.9630379676818848,0.85,80000,2.950955629348755,1.0028867721557617,0.1983102262020111,1.0,0.09999191015958786,0.09999722987413406,0.10000185668468475,0.09999894350767136,0.09999822825193405,0.100007563829422,0.10000991821289062,0.09999769926071167,0.09999514371156693,0.1000015139579773
80.0,80.0,80.0,0.012044377624988556,0.012008219957351685,0.012019161134958267,1.0,0.2,0.9630379676818848,0.85,80500,2.979645252227783,1.0944740772247314,0.06351286917924881,1.0000001192092896,0.09999734163284302,0.09999628365039825,0.10002121329307556,0.09999352693557739,0.09999404847621918,0.0999925285577774,0.10000255703926086,0.09999485313892365,0.10000255703926086,0.10000509023666382
80.0,80.0,80.0,0.011443994008004665,0.011303871870040894,0.011411523446440697,1.0,0.2,0.9630379676818848,0.85,81000,2.864744186401367,1.0875096321105957,0.020831003785133362,0.9999995827674866,0.1001194417476654,0.10005960613489151,0.10008297860622406,0.1000678688287735,0.09978222846984863,0.09971970319747925,0.09991030395030975,0.10011491179466248,0.10007312148809433,0.10006983578205109
80.0,80.0,80.0,0.012287956662476063,0.012239862233400345,0.012262558564543724,1.0,0.2,0.9630379676818848,0.85,81500,2.782180070877075,1.0426403284072876,0.06597720086574554,1.0,0.09999620169401169,0.09999644011259079,0.09997773915529251,0.10002037137746811,0.10000587999820709,0.1000126302242279,0.09999430179595947,0.10000404715538025,0.10001255571842194,0.09997981786727905
80.0,80.0,80.0,0.013430719263851643,0.013385490514338017,0.013405387289822102,1.0,0.2,0.9630379676818848,0.85,82000,2.645643711090088,0.9748873710632324,0.1085602343082428,1.0000001192092896,0.10000015795230865,0.09999999403953552,0.1000014916062355,0.09999828040599823,0.1000179648399353,0.09999530017375946,0.09998944401741028,0.09999768435955048,0.09999503195285797,0.100004643201828
80.0,80.0,80.0,0.012927084229886532,0.012881066650152206,0.012901497073471546,1.0,0.2,0.9630379676818848,0.85,82500,2.8845014572143555,1.0180447101593018,0.1274886429309845,1.0,0.10000554472208023,0.10000140964984894,0.09998364001512527,0.10000923275947571,0.1000005453824997,0.09998594969511032,0.09999926388263702,0.10000580549240112,0.09999905526638031,0.10000954568386078
80.0,80.0,80.0,0.012756632640957832,0.012711293995380402,0.012731054797768593,1.0,0.2,0.9630379676818848,0.85,83000,2.609483242034912,1.0152419805526733,0.04866517335176468,1.0,0.0999930128455162,0.0999956950545311,0.10000169277191162,0.0999986082315445,0.10001668334007263,0.09998499602079391,0.09999404102563858,0.09999047964811325,0.10003016889095306,0.09999461472034454
80.0,80.0,80.0,0.01239490881562233,0.012347402051091194,0.012369083240628242,1.0,0.2,0.9630379676818848,0.85,83500,2.82727313041687,1.0566699504852295,0.03214983269572258,1.0,0.10000699758529663,0.0999998152256012,0.09999048709869385,0.10000234097242355,0.10001316666603088,0.10000799596309662,0.0999944806098938,0.09999966621398926,0.09997528791427612,0.1000097393989563
80.0,80.0,80.0,0.011839082464575768,0.011613545939326286,0.011769239790737629,1.0,0.2,0.9630379676818848,0.85,84000,2.8965651988983154,1.0804777145385742,0.23044440150260925,0.9999987483024597,0.09987451881170273,0.10016729682683945,0.09984295070171356,0.10009725391864777,0.10025709867477417,0.09989994764328003,0.10008835047483444,0.10018785297870636,0.09941108524799347,0.10017367452383041
80.0,80.0,80.0,0.012663234025239944,0.012625006958842278,0.012637822888791561,1.0,0.2,0.9630379676818848,0.85,84500,2.775764226913452,1.0318775177001953,0.1324302703142166,0.9999998807907104,0.10000205039978027,0.10000157356262207,0.09999766200780869,0.09999783337116241,0.1000056266784668,0.1000024676322937,0.09999790042638779,0.09999986737966537,0.09999813139438629,0.0999968871474266
80.0,80.0,80.0,0.011796687729656696,0.011696349829435349,0.011767590418457985,1.0,0.2,0.9630379676818848,0.85,85000,2.9830996990203857,1.1147890090942383,0.11879564821720123,0.9999997019767761,0.10010198503732681,0.09967277944087982,0.10003051161766052,0.10006703436374664,0.09999692440032959,0.09992720186710358,0.10000762343406677,0.1000945121049881,0.10003628581762314,0.10006514936685562
80.0,80.0,80.0,0.012199136428534985,0.01215827651321888,0.01217383611947298,1.0,0.2,0.9630379676818848,0.85,85500,2.8077592849731445,1.0426020622253418,0.11242783069610596,1.0,0.09998802840709686,0.10002429783344269,0.10000752657651901,0.09998954832553864,0.09999863803386688,0.09998966753482819,0.10000474005937576,0.09999203681945801,0.10000990331172943,0.09999559819698334
80.0,80.0,80.0,0.011575071141123772,0.011539817787706852,0.011549895629286766,1.0,0.2,0.9630379676818848,0.85,86000,2.914452075958252,1.0803704261779785,0.07277680933475494,1.0,0.10000374913215637,0.1000060886144638,0.09999311715364456,0.09999895840883255,0.1000044047832489,0.10000213980674744,0.09999633580446243,0.10000070929527283,0.09999239444732666,0.10000210255384445
80.0,80.0,80.0,0.01196905504912138,0.011913226917386055,0.011942814104259014,1.0,0.2,0.9630379676818848,0.85,86500,2.859919309616089,1.0385091304779053,0.25120195746421814,1.0,0.0999816358089447,0.10003263503313065,0.09999677538871765,0.09998265653848648,0.10003761947154999,0.10001183301210403,0.10000711679458618,0.09998747706413269,0.09999741613864899,0.09996482729911804
80.0,80.0,80.0,0.011711626313626766,0.011668821796774864,0.011686138808727264,1.0,0.2,0.9630379676818848,0.85,87000,2.9860424995422363,1.1080998182296753,0.16129092872142792,1.0000001192092896,0.09998037666082382,0.09999244660139084,0.10000132024288177,0.10000977665185928,0.10001002252101898,0.10000855475664139,0.10000401735305786,0.09999475628137589,0.1000017374753952,0.09999699890613556
80.0,80.0,80.0,0.013449233025312424,0.01339750923216343,0.013423308730125427,1.0,0.2,0.9630379676818848,0.85,87500,2.9038169384002686,1.054640531539917,0.05219554901123047,1.0,0.10000723600387573,0.09999734163284302,0.09999384731054306,0.09999918192625046,0.09998593479394913,0.10001575946807861,0.10000498592853546,0.10000355541706085,0.10000269114971161,0.09998948872089386
80.0,80.0,80.0,0.011691387742757797,0.01165330782532692,0.011666065081954002,1.0,0.2,0.9630379676818848,0.85,88000,2.9800384044647217,1.1273870468139648,0.0750793069601059,1.0000001192092896,0.09999813139438629,0.10000447928905487,0.09999623149633408,0.10000994801521301,0.09999489784240723,0.10001039505004883,0.09999353438615799,0.09999603778123856,0.09999129921197891,0.10000506788492203
80.0,80.0,80.0,0.012515122070908546,0.012453973293304443,0.012488140724599361,1.0,0.2,0.9630379676818848,0.85,88500,2.9289865493774414,1.0818016529083252,0.18364214897155762,1.0,0.09996230900287628,0.10000558197498322,0.1000133827328682,0.1000199243426323,0.10001124441623688,0.10002230107784271,0.0999998152256012,0.10001607239246368,0.09997033327817917,0.09997902065515518
80.0,80.0,80.0,0.012822574935853481,0.012769699096679688,0.01279623806476593,1.0,0.2,0.9630379676818848,0.85,89000,2.897573947906494,1.033492088317871,0.0463489294052124,1.0,0.09995231032371521,0.09999384731054306,0.09997689723968506,0.10002349317073822,0.10003653168678284,0.0999908596277237,0.10000216215848923,0.10000703483819962,0.09999993443489075,0.10001692920923233
80.0,80.0,80.0,0.011907819658517838,0.011859334073960781,0.011878873221576214,1.0,0.2,0.9630379676818848,0.85,89500,2.8713457584381104,1.0392284393310547,0.08244217932224274,1.0,0.09999389946460724,0.10000287741422653,0.09999745339155197,0.10000510513782501,0.0999818667769432,0.10001137107610703,0.10000492632389069,0.09999968111515045,0.10000349581241608,0.09999927878379822
80.0,80.0,80.0,0.012773503549396992,0.012738681398332119,0.012748271226882935,1.0,0.2,0.9630379676818848,0.85,90000,2.703124523162842,1.019683837890625,0.05867786705493927,1.0,0.09999613463878632,0.10000384598970413,0.10000135004520416,0.10001177340745926,0.09999906271696091,0.09999334812164307,0.09999983012676239,0.09999524056911469,0.10000364482402802,0.09999577701091766
80.0,80.0,80.0,0.010696172714233398,0.010662470012903214,0.010670967400074005,1.0,0.2,0.9630379676818848,0.85,90500,2.996849775314331,1.1006518602371216,0.770992636680603,0.9999998807907104,0.09999984502792358,0.10000483691692352,0.0999961569905281,0.0999969020485878,0.09999512135982513,0.10001455247402191,0.09999562799930573,0.09999752789735794,0.10000336170196533,0.09999607503414154
80.0,80.0,80.0,0.012537495233118534,0.012500033713877201,0.012512153945863247,1.0,0.2,0.9630379676818848,0.85,91000,2.8493666648864746,1.047348976135254,0.12870481610298157,1.0000001192092896,0.10000576823949814,0.10000964254140854,0.09999831020832062,0.09999236464500427,0.09998691827058792,0.09999480843544006,0.10000339150428772,0.09999808669090271,0.09999924153089523,0.10001145303249359
80.0,80.0,80.0,0.013415006920695305,0.01337075512856245,0.013389542698860168,1.0,0.2,0.9630379676818848,0.85,91500,2.8994643688201904,1.0128276348114014,0.040648024529218674,1.0,0.09999614953994751,0.09999290853738785,0.10001377761363983,0.10000783950090408,0.1000041738152504,0.10001817345619202,0.09997764229774475,0.10000097006559372,0.09999452531337738,0.09999385476112366
80.0,80.0,80.0,0.012614545412361622,0.012576064094901085,0.012589314952492714,1.0,0.2,0.9630379676818848,0.85,92000,2.880082607269287,1.0699272155761719,0.02643679827451706,1.0,0.09999653697013855,0.09999634325504303,0.10000015795230865,0.10000483691692352,0.09999564290046692,0.1000182032585144,0.1000032052397728,0.099993035197258,0.09999316930770874,0.09999892115592957
80.0,80.0,80.0,0.011754256673157215,0.011715622618794441,0.01172676868736744,1.0,0.2,0.9630379676818848,0.85,92500,2.9895241260528564,1.0291069746017456,0.10357709228992462,1.0,0.09999731183052063,0.09999917447566986,0.10001423954963684,0.09999322146177292,0.09998806565999985,0.10000458359718323,0.10000912845134735,0.09999581426382065,0.09999106824398041,0.10000739991664886
80.0,80.0,80.0,0.013671857304871082,0.013623510487377644,0.0136460205540061,1.0,0.2,0.9630379676818848,0.85,93000,2.7887661457061768,1.0071133375167847,0.038484152406454086,1.0,0.10000240802764893,0.09998974204063416,0.09999266266822815,0.10001371055841446,0.09999147057533264,0.10000116378068924,0.10002636164426804,0.10002186894416809,0.09999606013298035,0.09996452927589417
80.0,80.0,80.0,0.011893056333065033,0.011843573302030563,0.011867208406329155,1.0,0.2,0.9630379676818848,0.85,93500,2.9927892684936523,1.0605964660644531,0.49657854437828064,1.0,0.10000157356262207,0.10000567138195038,0.09998855739831924,0.1000099778175354,0.09999793022871017,0.10000111162662506,0.10000457614660263,0.0999913364648819,0.09999506920576096,0.10000418871641159
80.0,80.0,80.0,0.012876806780695915,0.012840699404478073,0.012851548381149769,1.0,0.2,0.9630379676818848,0.85,94000,2.8458166122436523,1.052640438079834,0.08349692821502686,1.0,0.09999536722898483,0.10000074654817581,0.0999888926744461,0.10000307857990265,0.09999667853116989,0.10000119358301163,0.09999698400497437,0.10000801086425781,0.09999397397041321,0.1000150740146637
80.0,80.0,80.0,0.012154676951467991,0.012116638943552971,0.012129292823374271,1.0,0.2,0.9630379676818848,0.85,94500,2.9139368534088135,1.0326299667358398,0.30964338779449463,1.0,0.10000402480363846,0.099995456635952,0.09999603033065796,0.10000694543123245,0.09999912977218628,0.09998965263366699,0.09999842941761017,0.10001085698604584,0.10000047832727432,0.09999903291463852
80.0,80.0,80.0,0.01150545384734869,0.01147325336933136,0.011480310931801796,1.0,0.2,0.9630379676818848,0.85,95000,2.9251420497894287,1.0522667169570923,0.4038313627243042,0.9999998807907104,0.09999670833349228,0.10000422596931458,0.09999947994947433,0.10000694543123245,0.09999753534793854,0.09999696910381317,0.10000106692314148,0.09999474138021469,0.09999581426382065,0.10000649094581604
80.0,80.0,80.0,0.012303369119763374,0.012267605401575565,0.012278146110475063,1.0,0.2,0.9630379676818848,0.85,95500,2.9967844486236572,1.0358614921569824,0.09425365924835205,1.0,0.10000026971101761,0.09999549388885498,0.0999964028596878,0.10000255703926086,0.09998974204063416,0.09999778121709824,0.10000720620155334,0.10000916570425034,0.10000137239694595,0.10000003129243851
80.0,80.0,80.0,0.012363624759018421,0.012311991304159164,0.012337748892605305,1.0,0.2,0.9630379676818848,0.85,96000,2.8534281253814697,1.0332906246185303,0.06960196793079376,1.0000001192092896,0.09998803585767746,0.09998981654644012,0.1000007688999176,0.09998238831758499,0.10000975430011749,0.1000266745686531,0.09999647736549377,0.09998802840709686,0.10001139342784882,0.10000668466091156
80.0,80.0,80.0,0.012515322305262089,0.01247136015444994,0.012489860877394676,1.0,0.2,0.9630379676818848,0.85,96500,2.9378855228424072,1.0391334295272827,0.05862977355718613,0.9999998807907104,0.10001473873853683,0.10000641644001007,0.09999905526638031,0.10001090168952942,0.1000133752822876,0.10000207275152206,0.09998493641614914,0.09998515993356705,0.09998947381973267,0.09999386966228485
80.0,80.0,80.0,0.012797231785953045,0.01275685802102089,0.012771832756698132,1.0,0.2,0.9630379676818848,0.85,97000,2.7476248741149902,1.0834120512008667,0.06525588035583496,1.0,0.09999819099903107,0.10002056509256363,0.09999383985996246,0.10000086575746536,0.09999793767929077,0.09999677538871765,0.09999968111515045,0.10001470148563385,0.09998373687267303,0.09999369084835052
80.0,80.0,80.0,0.012220755219459534,0.012167907319962978,0.012194459326565266,1.0,0.2,0.9630379676818848,0.85,97500,2.496236562728882,0.9982289671897888,0.16648739576339722,0.9999998807907104,0.09999331086874008,0.09999480098485947,0.09999831765890121,0.09998509287834167,0.09998700767755508,0.10002044588327408,0.0999983474612236,0.09999803453683853,0.10000201314687729,0.10002263635396957
80.0,80.0,80.0,0.01337231881916523,0.013335052877664566,0.0133470818400383,1.0,0.2,0.9630379676818848,0.85,98000,2.8133580684661865,1.019253134727478,0.051918357610702515,1.0000001192092896,0.1000005453824997,0.10001108050346375,0.09999840706586838,0.10000176727771759,0.09999964386224747,0.09999417513608932,0.09999741613864899,0.10000452399253845,0.09999251365661621,0.09999994933605194
80.0,80.0,80.0,0.01400329265743494,0.013969959691166878,0.013978108763694763,1.0,0.2,0.9630379676818848,0.85,98500,2.838466167449951,1.0251002311706543,0.0618157833814621,1.0,0.10001027584075928,0.09999897330999374,0.10000161826610565,0.09999684244394302,0.09999886900186539,0.09999330341815948,0.10000351816415787,0.09999791532754898,0.09999677538871765,0.10000192373991013
80.0,80.0,80.0,0.011801119893789291,0.011761656031012535,0.011775746941566467,1.0,0.2,0.9630379676818848,0.85,99000,2.8285388946533203,1.0827122926712036,0.2690446674823761,1.0,0.10000911355018616,0.09998828917741776,0.10000384598970413,0.09999719262123108,0.09999791532754898,0.09999614953994751,0.10000550746917725,0.1000039353966713,0.10000139474868774,0.0999966561794281
80.0,80.0,80.0,0.011876684613525867,0.011844707652926445,0.011851567775011063,1.0,0.2,0.9630379676818848,0.85,99500,2.9967031478881836,1.038666009902954,0.06591227650642395,1.0,0.10000598430633545,0.100005142390728,0.09999401867389679,0.10000412166118622,0.10000529140233994,0.09999518096446991,0.09999494254589081,0.10000113397836685,0.09999215602874756,0.10000202804803848
80.0,80.0,80.0,0.012515631504356861,0.012484179809689522,0.012490510009229183,1.0,0.2,0.9630379676818848,0.85,100000,2.68951153755188,1.0427532196044922,0.032639723271131516,1.0,0.10000012814998627,0.10000418871641159,0.10000709444284439,0.09999116510152817,0.0999988466501236,0.1000005230307579,0.1000012755393982,0.09999355673789978,0.10000284761190414,0.10000034421682358
80.0,80.0,80.0,0.011509453877806664,0.011420268565416336,0.011480706743896008,1.0,0.2,0.9630379676818848,0.85,100500,2.638399362564087,1.0113908052444458,0.21715566515922546,0.9999998807907104,0.10002143681049347,0.10001827031373978,0.10005225241184235,0.09995133429765701,0.09992250055074692,0.09998665750026703,0.09999911487102509,0.10005093365907669,0.09998494386672974,0.10001254081726074
80.0,80.0,80.0,0.012938858941197395,0.012905804440379143,0.012913587503135204,1.0,0.2,0.9630379676818848,0.85,101000,2.990060567855835,1.0232088565826416,0.08719523251056671,1.0,0.0999864861369133,0.09999498724937439,0.09999947249889374,0.09999725222587585,0.1000131368637085,0.10000064969062805,0.09999938309192657,0.10000385344028473,0.10000587999820709,0.09999890625476837
80.0,80.0,80.0,0.011387540027499199,0.011352860368788242,0.011362387798726559,1.0,0.2,0.9630379676818848,0.85,101500,2.9895060062408447,1.067337989807129,0.2833671271800995,1.0,0.10000136494636536,0.09999531507492065,0.1000063568353653,0.09999871999025345,0.09999330341815948,0.10000388324260712,0.09999871999025345,0.10000543296337128,0.10000121593475342,0.0999957025051117
80.0,80.0,80.0,0.0113234743475914,0.011288093402981758,0.011298367753624916,1.0,0.2,0.9630379676818848,0.85,102000,2.944323778152466,1.037718653678894,0.6257231831550598,1.0,0.09999722242355347,0.10000093281269073,0.09999655932188034,0.10000032186508179,0.10001938045024872,0.09999528527259827,0.09999652951955795,0.10000117123126984,0.09999451041221619,0.09999808669090271
80.0,80.0,80.0,0.012238840572535992,0.01220528781414032,0.01221373863518238,1.0,0.2,0.9630379676818848,0.85,102500,2.903857469558716,1.0167450904846191,0.1423839032649994,0.9999998807907104,0.10000018030405045,0.10000717639923096,0.09999458491802216,0.09999048709869385,0.10001672804355621,0.09999361634254456,0.10000258684158325,0.09999966621398926,0.09999865293502808,0.09999634325504303
80.0,80.0,80.0,0.012132960371673107,0.012100664898753166,0.01210786309093237,1.0,0.2,0.9630379676818848,0.85,103000,2.9672904014587402,1.0865414142608643,0.2614085376262665,1.0,0.0999990776181221,0.09999503940343857,0.10000094026327133,0.09999676048755646,0.10001552850008011,0.09999950230121613,0.09999856352806091,0.09999840706586838,0.10000002384185791,0.09999613463878632
80.0,80.0,80.0,0.01310431957244873,0.013067026622593403,0.013079128228127956,1.0,0.2,0.9630379676818848,0.85,103500,2.93731689453125,1.039400339126587,0.11657275259494781,1.0,0.09999839216470718,0.09999668598175049,0.10000301897525787,0.10000082105398178,0.10000625252723694,0.09999950975179672,0.09999139606952667,0.10000065714120865,0.10000327229499817,0.09999993443489075
80.0,80.0,80.0,0.01351796742528677,0.013387586921453476,0.013488801196217537,1.0,0.2,0.9630379676818848,0.85,104000,2.7849161624908447,1.0378098487854004,0.1904650777578354,0.9999997019767761,0.0999026671051979,0.09995658695697784,0.10002762079238892,0.09997989237308502,0.10028351098299026,0.1000949889421463,0.0998741164803505,0.10000493377447128,0.09998680651187897,0.099888876080513
80.0,80.0,80.0,0.012631190940737724,0.01259506307542324,0.012606079690158367,1.0,0.2,0.9630379676818848,0.85,104500,2.985139846801758,1.061863660812378,0.09727996587753296,1.0,0.10000010579824448,0.10000091791152954,0.09999938309192657,0.09999086707830429,0.1000032126903534,0.10000381618738174,0.10000111907720566,0.10000031441450119,0.1000005453824997,0.09999974071979523
80.0,80.0,80.0,0.01147493813186884,0.011440848000347614,0.011449689976871014,1.0,0.2,0.9630379676818848,0.85,105000,2.693357229232788,0.972020149230957,0.2724792957305908,1.0,0.09999416023492813,0.09999711811542511,0.10000230371952057,0.09999547898769379,0.10001219809055328,0.0999961867928505,0.0999843031167984,0.10000450909137726,0.10000962764024734,0.10000411421060562
80.0,80.0,80.0,0.012615371495485306,0.012191003188490868,0.012563320808112621,1.0,0.2,0.9630379676818848,0.85,105500,2.886754274368286,1.0697532892227173,0.1333572417497635,0.9999616742134094,0.10041350871324539,0.10072233527898788,0.0989644005894661,0.09658950567245483,0.10099431127309799,0.0996764600276947,0.10116396844387054,0.10122542828321457,0.10038913041353226,0.09986095130443573
80.0,80.0,80.0,0.012391733005642891,0.01235414668917656,0.012366457842290401,1.0,0.2,0.9630379676818848,0.85,106000,2.8380837440490723,1.0319643020629883,0.06029526889324188,1.0,0.09999924898147583,0.09999727457761765,0.09999336302280426,0.10000663995742798,0.09999027848243713,0.09999825060367584,0.10001533478498459,0.09999695420265198,0.09999862313270569,0.10000403225421906
80.0,80.0,80.0,0.012468256056308746,0.01221427135169506,0.012440950609743595,1.0,0.2,0.9630379676818848,0.85,106500,2.276559352874756,1.0349335670471191,0.09759759902954102,0.9999890327453613,0.09887532144784927,0.10090063512325287,0.09969174116849899,0.10042431950569153,0.09948524087667465,0.09987950325012207,0.09915580600500107,0.10127391666173935,0.10018201172351837,0.10013151913881302
80.0,80.0,80.0,0.012756390497088432,0.012699452228844166,0.012730305083096027,1.0,0.2,0.9630379676818848,0.85,107000,2.7499141693115234,1.031285047531128,0.16447359323501587,1.0,0.10001182556152344,0.10000483691692352,0.09999764710664749,0.09999266266822815,0.10003441572189331,0.10000573098659515,0.09998539090156555,0.09999334067106247,0.10000619292259216,0.09996795654296875
80.0,80.0,80.0,0.012165973894298077,0.0121243791654706,0.012140519917011261,1.0,0.2,0.9630379676818848,0.85,107500,2.7088725566864014,0.9988118410110474,0.2251274436712265,0.9999998807907104,0.09999565035104752,0.10000055283308029,0.09999658167362213,0.0999915823340416,0.10003044456243515,0.09999977797269821,0.09999986737966537,0.09999600052833557,0.09999361634254456,0.0999959260225296
80.0,80.0,80.0,0.012301096692681313,0.011456191539764404,0.012242423370480537,1.0,0.2,0.9630379676818848,0.85,108000,2.9807677268981934,1.064150094985962,0.25802356004714966,0.9994094967842102,0.10102085769176483,0.10509611666202545,0.10142874717712402,0.10300388932228088,0.09857174754142761,0.10138027369976044,0.09895369410514832,0.10018758475780487,0.08587876707315445,0.10447833687067032
80.0,80.0,80.0,0.01232632901519537,0.012283062562346458,0.012300706468522549,1.0,0.2,0.9630379676818848,0.85,108500,2.9533374309539795,1.03228759765625,0.10849055647850037,1.0,0.10000316798686981,0.10000782459974289,0.0999976247549057,0.10000327974557877,0.09999951720237732,0.10000058263540268,0.0999986082315445,0.09999245405197144,0.10000605881214142,0.09999089688062668
80.0,80.0,80.0,0.01217217743396759,0.012138092890381813,0.012147018685936928,1.0,0.2,0.9630379676818848,0.85,109000,2.7333455085754395,1.0219666957855225,0.2964123785495758,1.0,0.09999387711286545,0.09999516606330872,0.10000161081552505,0.09999194741249084,0.10000874102115631,0.09999449551105499,0.1000131294131279,0.09999410063028336,0.09999950230121613,0.10000743716955185
80.0,80.0,80.0,0.011624595150351524,0.011592437513172626,0.01159942802041769,1.0,0.2,0.9630379676818848,0.85,109500,2.7614314556121826,1.0454163551330566,0.22489920258522034,1.0,0.0999985784292221,0.10000269114971161,0.09999731183052063,0.09999825805425644,0.10000290721654892,0.0999961718916893,0.10000336170196533,0.09999942034482956,0.09999657422304153,0.10000472515821457
80.0,80.0,80.0,0.011743836104869843,0.011523163877427578,0.011697863228619099,1.0,0.2,0.9630379676818848,0.85,110000,2.9635660648345947,1.0468347072601318,0.402594655752182,0.9999966621398926,0.10028570890426636,0.0999073013663292,0.0999148041009903,0.10034489631652832,0.10031941533088684,0.09951711446046829,0.1003679484128952,0.1002243161201477,0.09911436587572098,0.10000413656234741
80.0,80.0,80.0,0.01267231348901987,0.012582750990986824,0.012643689289689064,1.0,0.2,0.9630379676818848,0.85,110500,2.7915027141571045,1.0220040082931519,0.033666398376226425,1.0,0.10001768171787262,0.09998586028814316,0.10002008080482483,0.10001969337463379,0.09999120980501175,0.10003171861171722,0.10001809895038605,0.0999918133020401,0.09996135532855988,0.09996247291564941
80.0,80.0,80.0,0.012230615131556988,0.012184735387563705,0.012205134145915508,1.0,0.2,0.9630379676818848,0.85,111000,2.95371413230896,1.0097334384918213,0.24573810398578644,1.0,0.1000104621052742,0.10000777244567871,0.09999235719442368,0.10000161081552505,0.09999007731676102,0.10000407695770264,0.09998769313097,0.09999425709247589,0.10002308338880539,0.09998862445354462
80.0,80.0,80.0,0.012807710096240044,0.012766820378601551,0.012782332487404346,1.0,0.2,0.9630379676818848,0.85,111500,2.8079142570495605,1.0766963958740234,0.19605152308940887,1.0,0.10000426322221756,0.10000328719615936,0.09999901801347733,0.09999924898147583,0.09999840706586838,0.09999233484268188,0.09999500215053558,0.10000088810920715,0.10000160336494446,0.10000595450401306
80.0,80.0,80.0,0.012288921512663364,0.012251773849129677,0.012263639830052853,1.0,0.2,0.9630379676818848,0.85,112000,2.742790699005127,1.0403820276260376,0.08986476063728333,1.0,0.0999998226761818,0.10000975430011749,0.09999428689479828,0.09999878704547882,0.10000699758529663,0.09998704493045807,0.09999660402536392,0.10000444203615189,0.10000067949295044,0.10000153630971909
80.0,80.0,80.0,0.011405108496546745,0.011216776445508003,0.011363043449819088,1.0,0.2,0.9630379676818848,0.85,112500,2.9256248474121094,1.0611460208892822,0.1791745275259018,0.9999992847442627,0.09995704144239426,0.10017085075378418,0.09990625083446503,0.10008994489908218,0.09983086585998535,0.10017731785774231,0.09993450343608856,0.10019436478614807,0.1001071184873581,0.09963174164295197
80.0,80.0,80.0,0.013074560090899467,0.013036128133535385,0.013049328699707985,1.0,0.2,0.9630379676818848,0.85,113000,2.6253387928009033,0.9981812238693237,0.05033767223358154,0.9999998807907104,0.10001259297132492,0.0999942496418953,0.09999845921993256,0.09999631345272064,0.10000176727771759,0.10000894963741302,0.09999904036521912,0.09999821335077286,0.09998972713947296,0.10000068694353104
80.0,80.0,80.0,0.015030798502266407,0.014955960214138031,0.01500356663018465,1.0,0.2,0.9630379676818848,0.85,113500,2.8910021781921387,0.9686961770057678,0.031454235315322876,0.9999998807907104,0.09999368339776993,0.10002850741147995,0.10001601278781891,0.10003852844238281,0.09996961057186127,0.0999985784292221,0.100028857588768,0.09999272227287292,0.09997838735580444,0.09995510429143906
80.0,80.0,80.0,0.013532143086194992,0.01349588856101036,0.013506916351616383,1.0,0.2,0.9630379676818848,0.85,114000,2.8595614433288574,1.0353457927703857,0.06167715787887573,1.0,0.10000960528850555,0.09999844431877136,0.09999561309814453,0.1000082939863205,0.10000401735305786,0.0999947115778923,0.09998691082000732,0.10000403225421906,0.10000859200954437,0.09998975694179535
80.0,80.0,80.0,0.011703701689839363,0.011666691862046719,0.011678414419293404,1.0,0.2,0.9630379676818848,0.85,114500,2.970999240875244,1.0867199897766113,0.040724873542785645,0.9999998807907104,0.09998656064271927,0.10000248998403549,0.10000123083591461,0.09999674558639526,0.10000064969062805,0.09999629855155945,0.09999801218509674,0.100003682076931,0.10000574588775635,0.10000854730606079
80.0,80.0,80.0,0.012569379061460495,0.012535683810710907,0.012544119730591774,1.0,0.2,0.9630379676818848,0.85,115000,2.7519030570983887,1.0458347797393799,0.030840925872325897,1.0,0.10001008957624435,0.09999945014715195,0.10000070929527283,0.10000184178352356,0.09999590367078781,0.10000108927488327,0.09999334812164307,0.09999676048755646,0.09999838471412659,0.10000240802764893
80.0,80.0,80.0,0.012835107743740082,0.012796309776604176,0.01280978973954916,1.0,0.2,0.9630379676818848,0.85,115500,2.7335379123687744,1.0159409046173096,0.10059364140033722,1.0,0.09999700635671616,0.09999696910381317,0.10000011324882507,0.09999939799308777,0.09999620914459229,0.10000810027122498,0.10000814497470856,0.09999687969684601,0.09999631345272064,0.10000085085630417
80.0,80.0,80.0,0.012039195746183395,0.011978792026638985,0.012012396939098835,1.0,0.2,0.9630379676818848,0.85,116000,2.917886734008789,1.0030943155288696,0.09585662186145782,1.0000001192092896,0.09996629506349564,0.10002318769693375,0.0999952182173729,0.10001933574676514,0.09998515248298645,0.10000163316726685,0.099970243871212,0.1000315472483635,0.09999758005142212,0.10000984370708466
80.0,80.0,80.0,0.011616434901952744,0.011568007059395313,0.011590848676860332,1.0,0.2,0.9630379676818848,0.85,116500,2.9457192420959473,1.0490285158157349,0.09092424809932709,1.0,0.1000298485159874,0.09999944269657135,0.09999191015958786,0.0999869704246521,0.09999150037765503,0.09999914467334747,0.09999022632837296,0.10004040598869324,0.09998352825641632,0.09998703002929688
80.0,80.0,80.0,0.012383426539599895,0.012343879789113998,0.012358147650957108,1.0,0.2,0.9630379676818848,0.85,117000,2.890559196472168,1.062942385673523,0.07192295044660568,1.0,0.10002671182155609,0.10000133514404297,0.09999178349971771,0.09999178349971771,0.09999299794435501,0.09999793767929077,0.09999562799930573,0.10001364350318909,0.09999561309814453,0.0999925434589386
80.0,80.0,80.0,0.011768443509936333,0.011734825558960438,0.011742896400392056,1.0,0.2,0.9630379676818848,0.85,117500,2.880544424057007,1.0735303163528442,0.09288804233074188,0.9999998807907104,0.10000161826610565,0.10000303387641907,0.09999898076057434,0.10000017285346985,0.09999662637710571,0.09999923408031464,0.09999562799930573,0.10001003742218018,0.09999606013298035,0.0999986082315445
80.0,80.0,80.0,0.011991885490715504,0.01195297110825777,0.011966739781200886,1.0,0.2,0.9630379676818848,0.85,118000,2.642082691192627,1.02610182762146,0.21379999816417694,1.0000001192092896,0.1000024825334549,0.10000092536211014,0.10000050067901611,0.09999153017997742,0.09999854862689972,0.09999584406614304,0.10000281035900116,0.10000061988830566,0.09999765455722809,0.10000908374786377
80.0,80.0,80.0,0.013031933456659317,0.012993769720196724,0.013006708584725857,1.0,0.2,0.9630379676818848,0.85,118500,2.8596107959747314,1.045670986175537,0.17237527668476105,1.0,0.10000599920749664,0.10000093281269073,0.10000082850456238,0.10000046342611313,0.09999728202819824,0.09999671578407288,0.09999923408031464,0.10000017285346985,0.10000161081552505,0.09999679774045944
80.0,80.0,80.0,0.011415385641157627,0.011376988142728806,0.011390243656933308,1.0,0.2,0.9630379676818848,0.85,119000,2.937849998474121,1.0540151596069336,0.5078540444374084,1.0,0.10003354400396347,0.10000164806842804,0.09999454021453857,0.09999534487724304,0.09999443590641022,0.09999030083417892,0.09999293088912964,0.10000245273113251,0.09999707341194153,0.09999772906303406
80.0,80.0,80.0,0.0122984042391181,0.012263207696378231,0.012273029424250126,1.0,0.2,0.9630379676818848,0.85,119500,2.999500274658203,1.026334285736084,0.22210881114006042,1.0,0.09997475147247314,0.10000000894069672,0.10000678896903992,0.09999332576990128,0.10000497102737427,0.09999934583902359,0.10000678896903992,0.09999844431877136,0.09999918192625046,0.10001639276742935
80.0,80.0,80.0,0.012155916541814804,0.01211657002568245,0.012130754999816418,1.0,0.2,0.9630379676818848,0.85,120000,2.8908019065856934,1.0395692586898804,0.14876657724380493,0.9999998807907104,0.10000666975975037,0.10000059008598328,0.09999144822359085,0.10000519454479218,0.09999817609786987,0.0999983474612236,0.09998913109302521,0.09999851137399673,0.09999406337738037,0.10001786053180695
